id,first_name,last_name,email,phone
01a429f8-f576-4d9b-8d0e-4d5e8ef37e09,Cyrill,Haeslier,chaeslier0@tiny.cc,973-248-7242
2bca6dfc-997c-4176-b187-93899775bafc,Anallese,Smallpeice,asmallpeice1@washington.edu,509-193-1949
8c94b728-9b9c-4a02-8c0f-155e715d2fcf,Lucinda,Schruur,lschruur2@phoca.cz,559-937-7580
ba889f52-afb8-4651-b012-7464b4aa4b15,Larissa,Tythe,ltythe3@posterous.com,695-337-9903
b523f7f3-0338-4f1f-a951-a387beeb8b6a,Adolphe,Letford,aletford4@fema.gov,780-464-7746
e2249330-c07a-4796-95c8-a90523ffe210,Natalina,Lattie,nlattie5@wired.com,448-895-6409
b1949e13-2502-429d-b6ce-b5e60803d9d0,Elsinore,Mars,emars6@mail.ru,137-108-4661
bbb7249e-b197-4440-935d-8e952743f465,Gavin,Tamsett,gtamsett7@elegantthemes.com,965-841-2328
da8e3b18-8e2b-43f5-86c1-2e5a84094be5,Jasen,Phythean,jphythean8@webnode.com,898-634-4058
ddbf0216-8700-4c13-a688-e40fa7f68a5c,Morlee,Zwicker,mzwicker9@canalblog.com,584-816-4651
cbd9a0e9-d427-44c0-a50c-4118f4c8da87,Alexis,Reeves,areevesa@macromedia.com,946-206-2114
93b0afaf-6559-4501-8413-d02581393f8d,Zea,Saggers,zsaggersb@redcross.org,733-143-8668
530a2dc0-1905-4dbc-b321-fa76c3dd2f47,Adolph,McGiff,amcgiffc@uol.com.br,208-644-3543
940257a4-9ea0-4118-8e97-b1427f3afa59,Keith,Ferreo,kferreod@europa.eu,312-658-7735
fd67d612-ad15-42f9-9402-e818689f764f,Ruthanne,Little,rlittlee@youtu.be,310-459-6690
2e028c7c-a0af-49ad-b115-140b96fca52c,Noel,Fairbourn,nfairbournf@alibaba.com,460-698-8032
51a493f7-f244-4af7-bad7-1a38bd4b6368,Jorie,Matzen,jmatzeng@newyorker.com,197-117-7073
25ca3929-17c6-4839-a25f-454c150defd5,Annnora,Mertgen,amertgenh@oaic.gov.au,362-660-2953
b1c9d426-bce8-4e7d-8b13-26059302d8b9,Zachary,Flement,zflementi@mysql.com,484-819-4185
e8e90ed7-0392-4474-9a3c-6bf231962e19,Lew,Coggin,lcogginj@java.com,627-561-3608
84f2e2e5-71ff-4eb3-916e-942af5358942,Bord,Stitle,bstitlek@zdnet.com,432-305-3206
b1cf713e-ada0-4347-b7f4-423abe6fe00c,Augustine,Daveridge,adaveridgel@timesonline.co.uk,364-876-0382
6cf374c9-c1ca-45d6-84e7-e89f21559432,Smitty,Birts,sbirtsm@addthis.com,188-508-3987
547a92bc-5a9d-4cde-870d-f77cf57d8213,Clara,McGorman,cmcgormann@nsw.gov.au,376-874-6591
c11d69cf-3491-4a28-8d55-7d8814758bb2,Colet,Dansken,cdanskeno@gnu.org,375-919-3566
36639892-56e8-4563-b563-c66a55d7098c,Torin,Moseley,tmoseleyp@cbsnews.com,993-280-6667
7c538297-fdbf-4993-8ff2-82276f9f8142,Gaspard,Flipsen,gflipsenq@meetup.com,658-640-3019
51665aa0-bd93-4ab7-89cf-2d51b31804c2,Sallyann,Jupp,sjuppr@miitbeian.gov.cn,634-567-5028
b93e6d46-3599-4a78-9020-78fcb91c8823,Sergei,Gookey,sgookeys@usatoday.com,659-883-4078
7bf6a378-cf22-4bee-89e4-b6bde0e874e2,La verne,Lahiff,llahifft@jugem.jp,874-267-6190
1cac25d9-dd39-4f6b-8435-49ac65edb5ce,Gilbert,Caccavari,gcaccavariu@geocities.jp,533-178-4358
bc7b9754-898a-4c39-99ed-c96ed6bc8235,Gussy,Blagbrough,gblagbroughv@telegraph.co.uk,517-709-5325
1f1d77d1-1a06-451b-8c00-0a47343c79bb,Garrett,Alp,galpw@mit.edu,899-320-6527
3d15f569-c141-42d9-ad6e-33b611b02ace,Remy,Halwell,rhalwellx@meetup.com,891-461-7001
fb7c1b91-3c6c-4c96-a9a3-7c2388b01c7a,Analise,Pirnie,apirniey@vinaora.com,676-413-8817
d92a7e42-9102-44c0-a0ca-52852cfb11b2,Wilie,Frankling,wfranklingz@apple.com,363-688-6624
764134ad-1416-4d4c-af44-4c55257a6d7b,Damaris,Yurov,dyurov10@vkontakte.ru,615-101-0260
c86a022a-fd91-4e97-8bc5-222591422594,Richie,Wrigglesworth,rwrigglesworth11@ed.gov,542-367-1005
2ecbf78d-67ce-4991-8ee0-b11c66640ed0,Roslyn,Hunnaball,rhunnaball12@google.com.hk,608-243-6381
60f05753-e616-4fba-bb9e-36d1a20f1472,Colan,Loughton,cloughton13@xing.com,454-883-0876
1eea3725-c058-495a-8a65-d5395dcbe804,Thurston,Magog,tmagog14@ustream.tv,149-878-0674
f7a0f628-ea56-4cf6-b366-814c7e011707,Halsey,Leafe,hleafe15@tmall.com,359-830-6751
52ce2240-3189-4f34-bde3-accc486cda82,Isis,Carff,icarff16@chicagotribune.com,449-682-9675
6ee35a0f-1f09-4f93-9670-7f89b6dd71b3,Charyl,Thomton,cthomton17@sphinn.com,403-219-0005
a0df8303-3823-4689-82f4-5bc83afe99e0,Levi,Philipard,lphilipard18@printfriendly.com,821-541-3870
04565e57-e4cc-455c-9b0d-34f242ba35ed,Rikki,Kahane,rkahane19@utexas.edu,706-220-1953
5cfa0ec7-70dd-4634-b7d2-a92aec2f57a3,Kendall,Brands,kbrands1a@blogspot.com,869-340-3823
05fda03e-611d-442e-9d46-f98ac047085e,Allianora,Reymers,areymers1b@quantcast.com,213-482-8695
d490a965-c3c7-4db4-b334-6b2ee3f9c6e9,Fran,Fleetham,ffleetham1c@themeforest.net,346-843-6799
531a2be5-2343-4742-996d-3c5c5af3be27,Herschel,Ryall,hryall1d@bbb.org,291-371-6757
d8600030-fcbe-497c-81c8-b60a941b17d2,Mario,Prickett,mprickett1e@free.fr,906-846-1012
17b126e2-d134-4b55-8ba2-9597f8e7b093,Claudette,Whittingham,cwhittingham1f@furl.net,225-169-9293
445cda56-fdff-48cc-9077-add79ef46a9f,Allard,Smidmoor,asmidmoor1g@blogtalkradio.com,810-738-5762
12bec8df-2ebf-482e-aaab-6976813e4ec2,Eula,Sieve,esieve1h@gizmodo.com,102-520-9627
3e473d17-edeb-4d0e-9acf-c1441326d119,Danica,Medd,dmedd1i@scribd.com,151-224-4501
c46070e9-62e7-43e5-a0b4-38aabb4aacd0,Charyl,Jann,cjann1j@istockphoto.com,156-749-1226
41a5979d-18e8-4069-adea-c9ed48bb3ed6,Ulric,Stallybrass,ustallybrass1k@cyberchimps.com,442-920-8064
94f75c31-c1aa-4716-adbb-3fe44499b9e1,Zaccaria,Shurrocks,zshurrocks1l@ted.com,751-821-1308
84badc72-3daf-4b80-a8b9-2c6048084418,Virginia,Sarrell,vsarrell1m@trellian.com,868-429-4678
3e6f5854-24f4-422e-ad57-e95faab2653b,Jobina,Cuttles,jcuttles1n@oakley.com,133-582-5548
7e54b4c2-0fc9-4e3f-a80f-916d55d64f50,Malanie,Tomenson,mtomenson1o@hugedomains.com,282-811-2463
5fb8398d-268c-4f8f-bc1d-c9e74cbc73a5,Dulcy,Jedrzejewicz,djedrzejewicz1p@sogou.com,279-724-3642
b70cefaf-729a-46e8-b012-1bd6de55f188,Kasper,Blueman,kblueman1q@marriott.com,770-739-7947
381acffc-d912-4e1e-b191-31abc07b920f,Aurea,Twitchings,atwitchings1r@accuweather.com,604-732-8611
08623004-6a9a-4dd2-9c75-64f61272c83a,Genni,Carlill,gcarlill1s@mac.com,641-957-6736
d648722b-9777-4fe6-8939-2a9f16c2b99a,Colet,Duggan,cduggan1t@nih.gov,901-298-5557
4bc8880f-ffe4-43a8-b364-b0e1248643f0,Bertina,Hindes,bhindes1u@archive.org,656-822-7278
d308cf62-e965-4a95-900b-4ec53826b81f,Leeanne,Reeveley,lreeveley1v@army.mil,316-682-8486
5ba43d90-10f0-4f12-86fc-01e66a1fa155,Cathee,Torr,ctorr1w@wordpress.com,775-919-3377
66d0909d-cab8-4925-86d2-1f39b797aa0f,Josie,Bouzan,jbouzan1x@bizjournals.com,265-396-6301
aa17502d-df71-40e9-bc8e-664d4ddbc786,Kenn,McGlade,kmcglade1y@whitehouse.gov,603-548-7264
81333c22-4e2f-4953-8d6b-c0c8151215c6,Kendell,Marshfield,kmarshfield1z@newsvine.com,903-523-9166
aa2d6318-8469-458a-bd5d-12d4ea6d73f0,Sibelle,Saxby,ssaxby20@amazon.co.uk,996-421-4207
e980d38e-68db-4034-9e0e-4b50f5347014,Melessa,Ceyssen,mceyssen21@zdnet.com,293-644-7814
621e8f16-703c-4a37-ba62-a9928adccc9d,Beauregard,Garahan,bgarahan22@blinklist.com,379-586-4618
a8602711-84d1-4306-812a-f86c7e0ae70b,Sarene,Laxen,slaxen23@un.org,678-902-2418
60e6f066-63f8-45d8-a5c9-868e51afd6f9,Allene,Mocker,amocker24@last.fm,335-341-8779
2a8e69ce-ce2b-449f-b6cd-b5353c486baa,Fabien,Dorey,fdorey25@usa.gov,662-512-9199
85745fa5-f2d2-4a02-9011-f29473a991d6,Padget,Jedras,pjedras26@tinypic.com,201-166-2196
d4f44124-1e46-4405-87d3-7c9ead0fd358,Cammi,Plomer,cplomer27@wired.com,352-749-9473
eab4b0ae-12d2-4a06-b8a6-052b63b686c3,Deanne,Klima,dklima28@mapquest.com,710-810-1300
26bcb953-3522-43a3-ad5a-24e634d58c4c,Neel,Strangeway,nstrangeway29@flickr.com,284-546-5979
6528af49-bea5-4401-8ccf-b58efd48cbd1,Zed,Guiel,zguiel2a@blog.com,306-428-6280
45abbe0e-ddff-4a37-90be-9995e1da02d6,Katrine,Skurray,kskurray2b@vistaprint.com,953-300-5656
3733672f-ebd9-4d1d-8998-f82cc96cdf77,Christoforo,MacRonald,cmacronald2c@g.co,941-244-5860
5cf26c12-91b8-4df7-8584-aa16e73709d7,Farrel,Sporton,fsporton2d@netvibes.com,958-842-7251
1c1ffb17-6369-456b-ba01-8f865cd401d4,Cullen,Feuell,cfeuell2e@wikispaces.com,547-817-7807
8ab464f3-4399-458d-a8ef-47e3d41071c2,Tricia,Killingbeck,tkillingbeck2f@pinterest.com,888-649-5774
8f404653-8002-4b64-9c9a-f49d58cc72e6,Montgomery,Swaisland,mswaisland2g@amazon.de,983-453-1551
f087846c-1821-4350-bfa4-ea477d3eb3b4,Oberon,Kellard,okellard2h@chronoengine.com,387-600-4522
dda4674f-8456-4d2e-a31f-e57d792dd6ea,Niles,Vasyaev,nvasyaev2i@tiny.cc,939-870-5826
f593cc6e-2993-4bb5-82e4-ad8359d99da8,Genevieve,Teissier,gteissier2j@angelfire.com,205-724-3731
1639d91f-fe80-4c0b-8650-2b0ada3c820c,Ariella,Espinheira,aespinheira2k@google.cn,710-134-2105
d9db55f5-61b1-4392-ab0f-ed0d9cfaa6eb,Homerus,Streets,hstreets2l@statcounter.com,965-386-2600
fa3164f0-87ae-4c0a-988e-ee8ce6577286,Reube,Plaschke,rplaschke2m@apple.com,688-288-8236
a34f9fff-750a-4101-bd4b-5944b44d1aa9,Dedie,Chugg,dchugg2n@artisteer.com,673-285-8535
2b601c0c-7edc-49d0-8973-800cc3e6b0ba,Tamar,Naisbet,tnaisbet2o@live.com,978-948-7440
830a6eca-6655-4b89-9202-0a421ff0a774,Ford,Vasiljevic,fvasiljevic2p@paypal.com,271-778-5830
d201bf6b-7565-4b12-95b4-28010f403358,Nathalie,Thing,nthing2q@multiply.com,158-127-5929
73abd6cb-4c51-48ce-8dcc-489b70b7d528,Devina,Heers,dheers2r@whitehouse.gov,298-492-5670
8adacb0b-01e6-4aa4-998a-2052014dbde1,Maximo,Craigheid,mcraigheid2s@soundcloud.com,855-643-5845
7463f793-f6c7-40cb-818f-e94a968de06b,Cart,Garnul,cgarnul2t@myspace.com,496-772-8835
0982dd3e-eb17-428c-adc6-7df312e33824,Johanna,Tommei,jtommei2u@arstechnica.com,499-812-1238
f3e3b805-4c8a-4307-9f4f-1bf5335c94b1,Der,Filyushkin,dfilyushkin2v@smh.com.au,419-985-1349
01711061-a5df-4dc5-9abb-71bada250ddc,Estrellita,Kynsey,ekynsey2w@gmpg.org,723-462-7387
6de2bcdc-1533-4f28-adac-546a90f4a8c6,Constantine,Pomfrett,cpomfrett2x@reddit.com,133-401-2491
bdc0a0c7-ef9d-4ffa-837f-c8eac201012d,Cindi,Atter,catter2y@123-reg.co.uk,241-471-0254
7dddd189-2ffe-4e3f-9450-e422e3db9d65,Reina,Losselyong,rlosselyong2z@nydailynews.com,605-549-7480
f88fdd10-ef3d-460a-a7fd-5dcc87571be6,Marlee,Grinval,mgrinval30@sina.com.cn,366-942-9031
2918648e-87e2-42ea-864b-2567bef8d2a7,Zuzana,Gregs,zgregs31@yellowbook.com,744-857-5840
52b5f0d6-cd3b-4471-b34e-8bfe004c6434,Nita,Fenelow,nfenelow32@freewebs.com,516-578-5752
2cf81227-bb15-4eca-91f8-f5943c7d59c5,Katerina,Stallworthy,kstallworthy33@tuttocitta.it,707-241-5343
ef763510-acf3-4162-a1a0-e209d6ce4828,Ursa,Eirwin,ueirwin34@theatlantic.com,255-845-6568
cdb6ddbe-83ab-4d56-b799-a3037461a197,Evangelin,Shurmer,eshurmer35@blog.com,231-521-9871
0b8a2f96-6625-4f2e-a21b-bece233fc377,Nicola,Deakin,ndeakin36@oracle.com,829-441-2168
54c0f6e3-75bc-4586-adf2-b5f04dce10b7,Price,Haggith,phaggith37@people.com.cn,531-943-8093
be2b8f84-42eb-4f87-865f-244a22a3f126,Brinna,Selcraig,bselcraig38@samsung.com,303-185-9608
778e90eb-8256-4a6f-a5ad-13ab3682efd3,Carroll,Caplan,ccaplan39@tinypic.com,752-991-2039
942be685-004d-4e2b-a78d-70076dc0fcc3,Loleta,Vickery,lvickery3a@blinklist.com,840-501-7822
111746ce-90c2-4b33-a260-4f755779f23d,Mildrid,Dugan,mdugan3b@behance.net,132-635-2064
bd014615-5901-45e4-b1f7-913ff5d24761,Berkie,Liley,bliley3c@instagram.com,124-859-1706
2e3712e6-60b7-4234-bb52-73a1c63048c0,Dan,Winfield,dwinfield3d@hugedomains.com,162-152-3746
f795fa6b-80b7-444b-9637-251970d44c3c,Egbert,Beardsley,ebeardsley3e@hexun.com,161-830-6697
e481f5c6-adea-468f-92e2-61b5d0a1e8b7,Grannie,Melton,gmelton3f@princeton.edu,254-379-1555
0aaf917a-ae60-4c98-9608-9d574ecd8118,Alecia,Veitch,aveitch3g@elpais.com,738-168-2094
12a89778-19c0-4a44-98fc-12cdaffdb00c,Dorthea,Shipman,dshipman3h@ocn.ne.jp,676-549-7765
cb6799b5-afdf-4e73-be58-6fa328babcc9,Eugine,Izchaki,eizchaki3i@google.ca,200-218-0912
f866005f-c5db-4df3-93f3-e5bb8f1488ad,Yankee,Bohin,ybohin3j@vimeo.com,156-698-8608
ef5a22ad-3f5c-41d7-9040-5e5169a1fe66,Lorilee,Troup,ltroup3k@hp.com,878-274-7144
d58aa309-0094-4464-a3f5-0f1ca41b6c24,Tirrell,Klimentov,tklimentov3l@yellowbook.com,554-602-0735
a1e468c0-1934-4511-9fcd-bf7858c81c20,Maxy,Licciardo,mlicciardo3m@patch.com,796-708-5887
bc026719-358d-4dfc-9c6a-76f9efdf4256,Alyda,Moysey,amoysey3n@princeton.edu,218-461-4934
79a96e92-5f08-4b3c-9852-5c1662542ddf,Bink,Toderbrugge,btoderbrugge3o@infoseek.co.jp,880-389-3955
a21d0cbd-0934-4442-a273-a3bf3103bd10,Corena,McCurley,cmccurley3p@elegantthemes.com,763-612-8945
03b08508-50c2-4bba-b5e6-515f9ec32fb5,Valentijn,Baalham,vbaalham3q@illinois.edu,518-815-4869
2660f6ae-9125-4054-8561-95b7095a435e,Marcie,Stradling,mstradling3r@wunderground.com,563-244-4879
dff5bc5e-679f-44d5-8a2c-6c072fc2d33a,Menard,Twinborough,mtwinborough3s@51.la,350-157-3852
8b2c5985-804c-432e-9003-b2ccf17f547c,Margo,Pauly,mpauly3t@narod.ru,942-879-6285
288b929b-6b7f-43e2-bd2a-307f332d87df,Eddie,Bentson,ebentson3u@skype.com,815-768-9345
5b297cff-228b-4ac0-9287-77718657c1a7,Adrianne,Grzegorek,agrzegorek3v@rambler.ru,520-978-6335
79ac7f11-df3d-47e9-ba1d-389a40b0d140,Shepherd,McBeth,smcbeth3w@symantec.com,138-669-6327
defb3345-f536-406e-951a-ef18a87182e5,Orlando,Leighfield,oleighfield3x@umn.edu,910-826-1269
90cf118c-2ba5-4372-bfeb-ad82896a47e0,Ossie,Duckitt,oduckitt3y@t-online.de,650-999-5189
879479ec-186c-4d42-baed-d767c32ebdcc,Thaxter,Braithwait,tbraithwait3z@ycombinator.com,198-920-3140
13b06bee-306b-4476-9796-4c9ef2423bd7,Rachelle,d'Arcy,rdarcy40@deviantart.com,904-695-8338
db9b7006-5ab5-4a89-9443-26a6b1639ade,Cad,Teodori,cteodori41@wix.com,483-785-9736
5a91a37a-3015-47be-b5a2-9f88e0e2d020,Jules,Phelit,jphelit42@hhs.gov,438-303-9140
b2aa9f1f-65a7-45d2-b6af-c84f881a3d01,Paulie,Ewington,pewington43@delicious.com,750-683-7873
1f338bd3-da9c-4caf-9abf-02752f61cbf8,Celie,Squirrell,csquirrell44@desdev.cn,304-381-8650
0b5b416f-ef37-4e54-924f-e605ddb78ad2,Dylan,McGerraghty,dmcgerraghty45@mapy.cz,572-832-2080
d003a899-e40a-46e9-8519-9f321e2d7204,Tatum,Avraham,tavraham46@drupal.org,624-601-7907
45e3e60c-9e0e-4d1b-8329-56c59573070f,Launce,Dufton,ldufton47@alexa.com,724-927-9222
6a2b849c-6511-4714-9dee-8a7b28ce3a14,Bernete,Pfeuffer,bpfeuffer48@columbia.edu,715-297-9412
81c07143-e44f-4007-aea0-68ef68220850,Adolpho,Tock,atock49@barnesandnoble.com,972-582-9336
1fc7c380-2110-41ef-a06e-c008480a7618,Weider,Baytrop,wbaytrop4a@slashdot.org,177-230-4926
a51fd759-4d43-48b0-b929-b38ef0399051,Beau,De Carolis,bdecarolis4b@studiopress.com,909-766-6428
29c609b2-075a-40c5-9902-0b13bb1cb11a,Doralyn,Dobbins,ddobbins4c@nps.gov,506-310-0200
2c70df34-bf2c-447e-a255-042fe26ce743,Mallory,McMeekan,mmcmeekan4d@wordpress.com,560-756-2044
9473fd80-3c09-4768-a471-3818a404bb08,Ottilie,Rhoddie,orhoddie4e@upenn.edu,207-863-9159
b9be3390-ec47-4398-912c-c1b20187eade,Halli,Barrington,hbarrington4f@is.gd,659-869-8738
c81d29bf-76fc-4145-9023-39f800124895,Andrei,Dutch,adutch4g@marriott.com,212-778-6888
5531a38c-9686-42fd-900a-e5f5050c97bd,Meggie,Olyff,molyff4h@reverbnation.com,799-848-1131
21d44670-5dae-4753-85ca-0854e70efd85,Marquita,Ricards,mricards4i@wikimedia.org,334-870-5656
16228c86-bb58-4cf6-b5d5-e64086f55a06,Barnie,Chadwick,bchadwick4j@edublogs.org,892-687-5324
67122a39-a8b8-4542-91f8-9c6c6bacad25,Ambrosi,Hutfield,ahutfield4k@nydailynews.com,922-541-0223
20e611b1-cc6a-4b2f-afcb-2e2d158f51ed,Mona,Dixsee,mdixsee4l@intel.com,574-993-1579
716094bd-8fc3-4e55-88c5-c36298da9a65,Prisca,Piwell,ppiwell4m@addthis.com,405-996-5270
e79af7b2-8e3d-45b3-85cc-7eca9eba88cf,Osborn,Zavittieri,ozavittieri4n@shutterfly.com,335-650-6139
cd342849-630c-44d4-aa27-45f8871b88f1,Amalee,Nicklin,anicklin4o@sciencedaily.com,899-190-7154
9ded1017-8988-40cc-b2fc-d31c7423eac2,Donall,Swedeland,dswedeland4p@pbs.org,786-199-5362
ce4cd057-dc49-40a8-8ffd-020fd56b4d12,Andeee,Mallender,amallender4q@xing.com,199-323-8872
cdaa75a3-3c2b-4702-8a19-e1b34e21fca2,Jeno,Blakely,jblakely4r@geocities.com,422-656-9186
2c33ac67-4237-4cfb-94fb-2423384c6b2d,Lindsay,Ruberry,lruberry4s@hp.com,595-476-0246
b35db109-44c8-4434-b0c6-c629dd856aad,Von,Smitten,vsmitten4t@zdnet.com,529-112-0282
f13acef9-1de3-4541-9d5b-915d0e4d517f,Legra,Bewlie,lbewlie4u@fda.gov,275-334-1717
d4119209-3211-4739-85e2-34db7549b002,Clo,Murrthum,cmurrthum4v@house.gov,158-481-6734
1bf6fec0-a8c3-43a9-972f-fa73c0702451,Tova,Gress,tgress4w@comsenz.com,799-647-4086
2e309c46-80ec-4297-8e9f-29ea9aa1d080,Griffy,Bilbey,gbilbey4x@google.ca,109-971-5883
d44fa65e-b6a1-4148-9fa3-0c828ce632bc,Carver,Lithgow,clithgow4y@tripod.com,272-499-9173
391d8b91-9e5a-4a01-8fe4-6bd7b344fd57,Adoree,Sickamore,asickamore4z@yandex.ru,402-423-5933
585ad566-1cff-4708-bd7d-6aa65a774a3b,Florie,Dussy,fdussy50@bizjournals.com,554-600-1953
2c7fb37b-b2a1-48a3-a346-c9ef193ff3e6,Etti,Wanjek,ewanjek51@wired.com,312-910-8920
31abac0e-c8c8-43b0-9237-39a2e4b60b34,Elset,Eddison,eeddison52@hud.gov,878-592-3730
8e78f01f-0425-4d99-ab2d-da86917ad084,Jocelyne,Yurivtsev,jyurivtsev53@time.com,770-643-9795
34f779f0-eed6-452a-b510-81037e5c3acd,Annabela,Kime,akime54@scribd.com,643-158-2799
eed82e84-4776-4d3e-83e2-4f90b9ea61e2,Loutitia,Rivalant,lrivalant55@columbia.edu,163-814-3661
ab777947-8d0d-438c-b62e-f72b5996c864,Chevalier,Riggs,criggs56@ucoz.ru,748-175-0078
5ff9dfe5-03e3-4604-a1e0-bfa6d7146c8b,Aurea,Spencook,aspencook57@blogtalkradio.com,774-470-5249
f9f087da-1638-49d5-ada8-990a93906d62,Jerrylee,Corwin,jcorwin58@macromedia.com,674-148-1731
10a68864-a017-4517-ae7f-a601d540018a,Delmer,Turvie,dturvie59@scribd.com,641-792-3842
62d096ba-bf85-4d9f-81a6-bb83dd7c475f,Lauralee,Guare,lguare5a@utexas.edu,144-996-9371
f03097f9-0d61-4c33-95b4-b3a3eb531a3f,Janka,Looker,jlooker5b@rakuten.co.jp,569-174-2996
4fb82743-6979-4dfe-a75a-f49f536c0f87,Toiboid,O'Cannovane,tocannovane5c@oaic.gov.au,121-280-3085
1bef1032-ca15-4100-b0b4-c7b748f436d8,Rosamund,Demongeot,rdemongeot5d@cpanel.net,405-841-3395
0d0d080c-1cb0-4065-b969-561dfea6c8a3,Gwendolen,Bullick,gbullick5e@nifty.com,193-952-3636
1942e118-5c69-4845-a7d5-88f2eac003b4,Marcile,Medlin,mmedlin5f@lycos.com,122-831-0961
6669d0f3-a620-4f3c-9df9-4d4ffb516acd,Shoshana,Kurdani,skurdani5g@a8.net,190-899-9220
de578fa5-5a02-4d97-bf0d-5f29147751b3,Guss,Lithcow,glithcow5h@icio.us,294-217-4172
9eea8b0a-f496-41a8-b1d7-e9af32c49c6a,Gherardo,MacAless,gmacaless5i@google.com,549-773-2502
b330d947-80f2-477b-a148-956eff4f7757,Forest,MacConnell,fmacconnell5j@dell.com,864-786-5484
d3beed5b-5bb6-45f7-96aa-d16b86aa8731,Kristan,Dalgety,kdalgety5k@mozilla.com,949-963-3996
93aeac33-73ad-47b1-9567-9f9648c758c4,Anya,Keener,akeener5l@google.es,764-820-6771
91059bb6-e105-4842-b236-d7b1ce441414,Sandye,Morphet,smorphet5m@census.gov,341-851-9102
47c10d82-31dd-4e1b-9121-a1d1e20ee16f,Broderick,De Ruggero,bderuggero5n@microsoft.com,277-425-3417
343879ed-4b71-43cd-8e0c-b69840893d82,Wilt,Safell,wsafell5o@theguardian.com,991-792-9859
d343e1a3-4d55-4756-94bc-7bbc0eddc9fd,Theodoric,Loosley,tloosley5p@youtu.be,428-418-6864
b5d74c14-a4d9-4128-9dfb-521cfa648f47,Beck,Verlinden,bverlinden5q@cnbc.com,212-849-0196
158bf54e-fe71-4637-8d6c-b7ce66cde329,Bran,Robichon,brobichon5r@paypal.com,934-427-5866
9973b741-424f-4872-a748-e1193ae84eb7,Clive,Verbeek,cverbeek5s@jiathis.com,613-318-8628
2e4db581-844f-4f2d-960d-018cc54494b9,Clea,Curlis,ccurlis5t@yolasite.com,614-796-9768
da8f2f8e-f358-41b6-b4e1-869d1c1f9fc0,Alexi,Esom,aesom5u@webs.com,884-700-8886
fd519cab-77e8-47aa-975e-2e2c08e2716f,Colan,Beller,cbeller5v@msn.com,337-486-4663
db724471-ce2a-41d5-b2f8-e2067e7e01ab,Hyacinthie,Austins,haustins5w@vistaprint.com,978-589-0310
9f36044b-90e0-4479-900f-739762961a9e,Roch,Magog,rmagog5x@de.vu,177-776-1401
e3c36910-116f-454e-a25a-bd4507c1fe89,Rodie,Gorey,rgorey5y@ucsd.edu,337-251-6598
71f732f0-10cc-4074-8729-e88519735ebc,Kristal,Hurles,khurles5z@newsvine.com,125-329-9962
5bc5b32e-7aa5-4fa2-b989-c09b338f10cf,Reinaldo,Jonah,rjonah60@goo.ne.jp,167-273-4763
f9f3b286-191b-4146-b85b-a23079800933,Alma,Kingsnod,akingsnod61@google.co.jp,208-332-0893
b07050d0-f0df-4104-861c-b31141ef8561,Gerry,Henric,ghenric62@aboutads.info,468-873-5563
696ce879-7df6-4ef1-96be-32478283c9e5,Benjy,Bliss,bbliss63@wired.com,962-292-0532
d4807ec2-7ff6-4351-b025-1f8553a87c02,Phyllis,Wagg,pwagg64@ebay.co.uk,153-672-5954
73db3d6a-472d-4ccb-8074-b90a95a254ff,Dyane,Newlan,dnewlan65@symantec.com,248-751-3432
7fb98c8b-b88d-4e26-9f9d-e2f08d9d8b35,Lynnette,Chieco,lchieco66@google.ca,348-400-1184
4365c519-d215-426c-a5f1-9560d5e707a5,Chauncey,Duetsche,cduetsche67@icq.com,615-233-5914
7fded38f-d1ff-4f98-8cc4-e195bf5db562,Amii,Maillard,amaillard68@infoseek.co.jp,961-586-8163
9af6fd88-8876-4292-b911-12383162c8d0,Genevra,Ossenna,gossenna69@dropbox.com,989-922-3373
8e26976c-3a2b-43fb-8b68-c9027b855cf2,Clayborn,Mash,cmash6a@bigcartel.com,378-430-0388
9867a13a-9ed4-49a6-bf46-65f849b4ce18,Nanete,Bartalini,nbartalini6b@trellian.com,789-107-9486
f6be2978-93e3-401e-8d3c-2e966839b755,Anneliese,Callingham,acallingham6c@sfgate.com,649-378-8857
cf144e67-d9c6-4f3c-b15b-04736c062df9,Morton,Westmore,mwestmore6d@ox.ac.uk,895-757-6043
01ebb27a-91b6-4005-9bf9-c5a743ba5a8b,Kerby,Crocumbe,kcrocumbe6e@yahoo.co.jp,655-890-9383
ff19adf3-831e-4fe9-8d4d-4c1fc8bc2ef2,Noella,Dorant,ndorant6f@fotki.com,993-655-4840
4ef2f7c6-4d93-4870-8539-e090cc5a246a,Herold,Seston,hseston6g@noaa.gov,226-952-6557
45016889-5ebb-4cd7-b837-5b73160a529f,Jorgan,Kirkup,jkirkup6h@soundcloud.com,263-167-6260
11d2bc67-4461-4dc7-b5bf-c1a7d81e88e8,Bobby,Tinson,btinson6i@omniture.com,548-777-9887
732a769d-26c2-4f45-8f67-126ada95eb01,Dwight,Vassel,dvassel6j@people.com.cn,710-642-7109
d6b3a864-55ca-4e6e-a386-933e52df47e5,Berke,Fassum,bfassum6k@bloglines.com,174-253-9082
fa944607-03bc-4bad-b55e-55b8d4ac8415,Georgianna,Figiovanni,gfigiovanni6l@g.co,361-624-4298
c6783168-9df4-4a47-8de5-27a49d7e077b,Sherline,Goldstraw,sgoldstraw6m@dell.com,349-648-4253
a97d381c-e0b4-46f0-b83e-5bfc30bb7e02,Maye,Fransman,mfransman6n@wired.com,941-658-5643
5a81275f-aa1e-4c87-8ffc-bc171558e7a2,Kial,Ishak,kishak6o@paginegialle.it,212-290-1641
3582ab09-2c4e-4adb-a591-19a6c5d87798,Blair,Peyes,bpeyes6p@toplist.cz,645-566-9595
13883be2-c911-48cd-86a3-fbdcf42434ba,Chloris,Kindleside,ckindleside6q@a8.net,317-767-5993
37c7d42e-ec46-4f1b-b696-53820a20e3c2,Brucie,Hanhard,bhanhard6r@psu.edu,648-256-3662
4ea12b8b-740e-411e-9ba5-a7b5c4743014,Rea,Fradgley,rfradgley6s@jigsy.com,639-746-8223
98340bd3-8a0e-4861-95fe-8aacaa4b85b0,Brendan,Wyrall,bwyrall6t@feedburner.com,489-536-8721
e9b171cf-ce03-45c1-86ac-d13d76af9235,Marj,Fulker,mfulker6u@rakuten.co.jp,359-745-5543
c0aeef75-2b8c-4703-a8b4-ecd260408fd7,Delmar,Mullin,dmullin6v@cisco.com,495-603-6509
cad5578e-45b8-4cfe-a883-294fa079a605,Collete,Meadmore,cmeadmore6w@nature.com,108-228-8424
602b1953-f5b7-4618-92be-63eef3ab25dd,Valentine,Bellany,vbellany6x@about.me,136-508-5093
dfc8e2b9-8fb0-4c09-bb7e-a34ee57754f5,Cherilynn,Dike,cdike6y@nytimes.com,301-967-9412
46777a49-377b-448d-8efd-b0cb0dc42035,Diana,Cottey,dcottey6z@yellowpages.com,646-570-4574
2ddc9cd9-bd3b-4f7f-b0bc-13971a585b02,Karrie,Briers,kbriers70@paginegialle.it,678-952-6300
cfe1deb1-03b9-4966-820d-2ca1a861a306,Carny,Hallows,challows71@usnews.com,440-909-2820
28dcf740-488f-4a9b-8bba-c620677e6099,Faulkner,MacConneely,fmacconneely72@wisc.edu,802-539-6870
95f07225-d944-41e4-a8ed-7ec9eba6658d,Mozes,Gillio,mgillio73@yellowbook.com,581-682-4109
b3103919-f0e5-4c40-ab5f-665123c0825a,Sheff,McGennis,smcgennis74@so-net.ne.jp,507-634-2673
7afd6c25-f7ec-4f84-8684-0204b7317048,Katherina,Priestley,kpriestley75@amazon.co.jp,379-456-7895
7e465e87-8d5a-4c0e-a596-b5ab2d74955b,Alena,Sabine,asabine76@ted.com,341-766-2914
2a3ebef9-d2b4-4ccf-9f30-164a002912eb,Ado,Abramzon,aabramzon77@hostgator.com,537-518-2022
eb4cb0b5-689a-4262-b118-866f85afacd3,Pansy,MacGee,pmacgee78@xrea.com,906-986-0730
6f151f14-2c36-4bd5-b876-2c58254a106e,Karolina,Yakovliv,kyakovliv79@myspace.com,902-697-7438
66b1852f-98b2-4f25-9bbb-8bf5d9c61ac2,Aida,Grimsley,agrimsley7a@about.com,584-180-9108
8c25abe9-419b-41f7-8a42-b82a45e091f5,Berke,Ioselev,bioselev7b@google.com,369-505-6943
66d3668a-26bc-4d70-b2cb-bcd4d38556a8,Bellanca,Capnor,bcapnor7c@flavors.me,350-729-8846
aa6c406e-3cf4-4ba7-af97-4d3ccc76b240,Ebonee,Estick,eestick7d@oracle.com,244-369-0562
14d0b719-ecb0-4b2d-bac4-c8a81e947848,Else,Eyers,eeyers7e@webnode.com,235-560-6530
1f347c98-9f64-4d21-87ed-765b7700b77c,Robb,Toal,rtoal7f@who.int,923-914-1676
ac5086cf-0a66-4adb-a751-6cdc2a9f4736,Pincas,Streeten,pstreeten7g@jigsy.com,490-798-5292
9b7f24d2-7d9a-4781-a6dc-29dda60c0449,Fredric,Kitchenside,fkitchenside7h@bloomberg.com,183-165-7204
a47ed0b8-7f29-483b-8a9e-b7471831f286,Vicky,Dunthorn,vdunthorn7i@biblegateway.com,252-235-2065
1acc2c8c-3477-4a60-a656-646198dfdbc0,Ami,Ruberry,aruberry7j@vkontakte.ru,580-449-4398
74c53d46-5e33-40d7-be33-0f7308a34763,Tallie,Streader,tstreader7k@nps.gov,318-960-2880
f6bf0555-fba4-4f3f-aa16-e62de5446838,Peria,Minkin,pminkin7l@addthis.com,545-614-9784
18dfc888-ad29-45fa-a52e-6d91c4a63bdc,Elmer,Trethowan,etrethowan7m@twitpic.com,217-333-9041
f0291a12-5592-4c07-bb96-3c5288c13208,Allene,Peck,apeck7n@google.co.jp,589-915-5035
bd3586a0-b450-46b4-b80e-fc9cca45fc20,Fredric,Toppas,ftoppas7o@wisc.edu,788-393-6868
703901f9-6d0a-481f-9c1d-bb18f511ac2d,Reinhold,Astman,rastman7p@auda.org.au,816-952-6586
949f2400-b399-42a5-99c2-ecf876b8182f,Arden,Giovannardi,agiovannardi7q@cdbaby.com,439-617-0443
036ee4df-64be-4927-9552-ed25dde7f15c,Lincoln,Ramard,lramard7r@disqus.com,525-702-1905
d64ac32b-7ca8-4f79-a124-991910196021,Les,Birtonshaw,lbirtonshaw7s@networksolutions.com,977-266-0082
633d84d0-c7af-4a1a-80de-e044ab8a62f7,Goran,Chainey,gchainey7t@cornell.edu,871-918-9852
a9ae0c7a-1e96-4205-9c3e-da1c8a06562d,Irving,Alven,ialven7u@behance.net,497-908-3853
33559668-09c3-49f8-ba51-858af63fb5a9,Culley,Beardow,cbeardow7v@netscape.com,636-940-4377
a24fe733-01c8-4c0e-9011-3547ff083db0,Daffy,Mashal,dmashal7w@disqus.com,638-412-2340
582b58b7-50d5-4622-a276-6b6d6c9f1043,Norry,Pala,npala7x@printfriendly.com,818-543-5821
c3c24293-5cd4-4da1-9bbe-0b322c0157dd,Preston,Earley,pearley7y@google.com.au,251-537-8781
ecd94d52-8351-4598-a2ff-bd38b18d3a88,Tonnie,Stennard,tstennard7z@mit.edu,563-196-3038
64aa5cda-a277-47b5-93d1-a0b8c338947d,Hubie,Schulze,hschulze80@amazonaws.com,133-232-9785
94950e68-879f-4ff2-873e-6e60066a239e,Knox,Cavie,kcavie81@sphinn.com,332-217-7689
26da21f6-ec3b-4612-9ff8-1ba40084926a,Myrtie,Petraitis,mpetraitis82@smh.com.au,407-185-7352
d10632d0-a51f-4abb-80a2-f62684a7c8ad,Gar,deKnevet,gdeknevet83@boston.com,706-572-5859
a7ee326b-cbd1-4ab2-992e-e98511110475,Kelcy,Gaven,kgaven84@issuu.com,753-459-8441
31e6ccb7-9c04-4205-98ef-1e46c1a80bc0,Pietro,Truckett,ptruckett85@imageshack.us,560-594-8744
6d4aa22e-9201-4a64-9ef5-cc27965c8335,Arlana,Hearthfield,ahearthfield86@sciencedaily.com,974-410-9115
b62a86cb-ba69-467f-99f3-fac0755ad52c,Nonah,Bales,nbales87@berkeley.edu,976-136-5945
1e42e798-bdea-4de2-8f92-9766c358d471,Nefen,Stode,nstode88@odnoklassniki.ru,533-401-1402
6143a99d-cd87-473b-bdb3-00ef2230a57b,Ursulina,Bowstead,ubowstead89@indiegogo.com,410-244-2787
2dd93057-0cd6-410f-9f0e-bed259157348,Agnesse,Hannis,ahannis8a@europa.eu,644-556-5359
05e8b91a-8a5a-43a8-a303-ddce87b57868,Perceval,Kix,pkix8b@feedburner.com,213-840-6813
96cf6a58-b771-4d5a-875d-80a7430266ac,Gilda,Pagnin,gpagnin8c@umich.edu,930-175-6797
3f931fd2-9c4b-4729-9bcd-1e8ac4ac773e,Rubetta,Bruins,rbruins8d@networksolutions.com,721-849-5416
4ec63313-fbee-42bd-9c49-a02dd75a8dbf,Goldia,Sprackling,gsprackling8e@uiuc.edu,415-904-9684
a80a3533-ad3f-4f8e-a256-b2f5859af093,Lenette,Newborn,lnewborn8f@princeton.edu,475-410-7409
b4af356c-3f67-4d65-8eef-be402d03f3aa,Stevy,Shouler,sshouler8g@xing.com,867-901-6145
10464697-1b5a-4e69-9f72-9290899eb811,Adam,Rhyme,arhyme8h@parallels.com,200-243-8039
ca780785-6dd8-47ba-9fa2-4265e216d34b,Jule,Bales,jbales8i@instagram.com,130-676-0051
1f7aee53-6c9a-49a7-9535-2e6fd6520f21,Ranique,Myles,rmyles8j@bbb.org,298-980-6281
0194dae5-cfa0-4977-8a54-9152fc2a6cfd,Mehetabel,Zannotelli,mzannotelli8k@uol.com.br,378-924-8683
7a2a8523-5597-4f35-85ab-10c6b76ff182,Gabriella,Porcas,gporcas8l@state.tx.us,409-321-6235
0f3c24c4-5c8f-48fc-980e-c70e62796b49,Natalina,Rase,nrase8m@adobe.com,657-781-6835
d9c5df9f-4d94-4822-b69e-bf0e6a8b4f6e,Meredith,Jeyness,mjeyness8n@amazon.com,256-797-3581
aa5783d9-293e-4d03-a7f7-133af9142cdb,Nahum,Chaikovski,nchaikovski8o@pen.io,636-199-8518
9f355592-d306-417d-bdc9-9c9513ad3a9d,Woodrow,Sedgwick,wsedgwick8p@toplist.cz,285-676-0473
0e65d27d-63ca-4086-8ebb-45658fae867c,Berry,Eland,beland8q@mac.com,373-475-2800
d9ad1ccc-e6c5-4847-b95f-8e7173370629,Gena,Barhems,gbarhems8r@yahoo.com,769-179-9028
6b46a8f1-267b-4e67-83b8-d3cce4923395,Georgetta,Januszkiewicz,gjanuszkiewicz8s@reddit.com,508-132-8457
35198c88-2863-4779-9f9c-56b401dc2af4,Georgia,Beevers,gbeevers8t@webs.com,266-971-5816
268fbfea-58ad-4022-950c-b88b35376221,Fredra,Ciccottio,fciccottio8u@hubpages.com,948-284-2543
20cae7b2-93b5-4086-b7e4-1bbdd5f5680b,Mar,Jimpson,mjimpson8v@quantcast.com,934-583-4374
6f94b10b-f467-4a10-a0ec-6613c769599e,Nevin,Perrigo,nperrigo8w@spiegel.de,309-575-8550
d7c97137-faa1-4ded-b439-fc19995b3b05,Doreen,McKelvie,dmckelvie8x@hc360.com,389-328-8291
aabc1f0d-9a72-4f0d-b8af-425ae6c6fbce,Arleyne,Emney,aemney8y@list-manage.com,347-590-8108
50a75b06-50b7-42d2-8e3a-af6e6bbc8a18,Leanna,O'Loinn,loloinn8z@earthlink.net,434-766-5856
425c961d-6b16-42fc-b01f-d977a4e5d70c,Layne,Salman,lsalman90@rediff.com,188-326-8860
28e0ca35-bf63-425f-b69e-f20383bdcb65,Cristie,Lavender,clavender91@ocn.ne.jp,292-218-0594
8d7f1f48-0265-42f4-be86-c37ca831fa58,Prent,McCormack,pmccormack92@phpbb.com,868-756-7914
0dfe7826-a8ec-457c-b354-ebc145c9082b,Joby,Smullen,jsmullen93@usgs.gov,429-675-5307
3064a668-8b38-45e1-944b-764c98d2af78,Ode,Fishpond,ofishpond94@mysql.com,405-804-8479
b6baf9d0-eaca-4f7b-95f8-324671e62933,Shawnee,Muino,smuino95@feedburner.com,831-952-1768
45f62ec2-74e5-4480-b2c5-0337b4b05fbb,Jasper,Vasyunin,jvasyunin96@msu.edu,215-970-4532
df66d400-a7b0-4a64-926d-8ca1626f6000,Amanda,Meas,ameas97@virginia.edu,339-353-1063
2741f6d6-84c7-4d3d-b038-839d932bcc8d,Pandora,Bollard,pbollard98@nhs.uk,541-133-2032
6fd0d4ba-8b87-4dfc-b3ce-6adddb79e04f,Renata,Willavoys,rwillavoys99@edublogs.org,804-794-8097
1da140cf-5076-4e78-ab42-f7ec4507db92,Fayina,Aneley,faneley9a@themeforest.net,474-868-8603
71e203a6-b22a-4c16-b805-dff46cc36883,Chance,Death,cdeath9b@flavors.me,291-781-2048
c7bea43c-8e1a-41c6-b3a6-eed89bddf6a9,Freddie,Davana,fdavana9c@cmu.edu,839-947-1542
04ffccc2-bcb1-40c8-8bbf-9374e4562d99,Lynn,Pargeter,lpargeter9d@ebay.co.uk,556-865-4961
6f0663fe-957e-4858-8760-5a989b25bb85,Marni,Ricci,mricci9e@elegantthemes.com,526-908-8468
a0560321-52be-430a-8ca2-d0448e9f866a,Bibbie,Koop,bkoop9f@mapquest.com,348-916-9519
c272999c-00c9-4fc6-accc-58368ed9baa0,Philippine,Casella,pcasella9g@archive.org,823-478-7015
73c67c95-2c37-4c75-a4d2-1e6122e430bc,Astrix,Aldwick,aaldwick9h@globo.com,631-149-7015
a5a8b0f9-fe66-45bf-800d-c513d91007a9,Farrand,Baruch,fbaruch9i@ezinearticles.com,661-604-6425
b0c81d98-3d00-4c47-8e13-d5bf17f19c4b,Wallis,Brogi,wbrogi9j@cocolog-nifty.com,279-119-7783
da5c5e65-7cef-4cd5-8294-f599226b074e,Fionna,Pollack,fpollack9k@meetup.com,480-863-7219
d35365cb-e67e-425a-ab0c-37c3d8df8a0e,Correna,Bleasdale,cbleasdale9l@seattletimes.com,487-928-9158
387ad352-1e44-49fd-a47e-f58804313900,Pet,L'argent,plargent9m@samsung.com,527-812-1100
2ebee501-1fc0-4596-a308-c2898c118e5c,Kathye,Bayman,kbayman9n@ed.gov,588-533-4006
cc804020-d5c0-4e71-974f-cf04b2592f18,Ewell,Fausch,efausch9o@wunderground.com,980-845-1664
e75d0e67-cbb9-46c0-a571-f114dcfcb78b,Shaun,Pymar,spymar9p@wisc.edu,495-146-5770
c6d33084-c096-4312-a104-0d4a3b7815ca,Davin,Plitz,dplitz9q@hp.com,335-978-3503
0fba4f8e-a04a-41b1-9fad-7fde6f989d0a,Meghan,Ruzic,mruzic9r@ask.com,639-703-0583
29d8917e-29f4-48ec-b6d6-a7e60998b622,Cyrille,Brewitt,cbrewitt9s@joomla.org,855-990-9943
f03bb1b9-4d31-44a0-b3f8-a57105ca4c3b,Skipper,Karolczyk,skarolczyk9t@reuters.com,363-120-1778
6e32394d-812c-451e-9567-7423d7b61879,Reyna,Laffan,rlaffan9u@so-net.ne.jp,166-626-1781
26a2931c-d7ad-4904-9380-fd3b93b8f96e,Terrye,Ivshin,tivshin9v@cam.ac.uk,938-452-4825
e788c2af-78a2-449d-b1c9-48da43ba576d,Caro,Kighly,ckighly9w@hao123.com,447-348-2435
a77fd7fd-6533-4190-8dbe-678098140401,Hanan,Irons,hirons9x@miitbeian.gov.cn,696-420-1087
3043006c-7819-4416-879e-2b4aca7c62e1,Montgomery,Buckenhill,mbuckenhill9y@hexun.com,841-218-0483
3c800a6d-3a5e-4fd5-9c84-a2610c2421b2,Natassia,Merner,nmerner9z@google.es,475-102-1453
e441d50c-d79c-4027-9d75-2d1ddc906b1c,Enrica,Cambridge,ecambridgea0@flickr.com,192-962-3651
126da8f0-67dd-4742-852b-e8cf57cba399,Akim,Hallowes,ahallowesa1@prnewswire.com,518-162-9898
2c453b48-117a-419a-a55b-d56e3b693b88,Baird,Deware,bdewarea2@youtu.be,782-687-2557
9a7bca3c-e825-473c-bd29-76bb906ced70,Garvin,Spellecy,gspellecya3@cam.ac.uk,376-496-4116
accbde4c-57be-47bc-8e4b-1bf17656ab10,Dulcie,Meighan,dmeighana4@boston.com,350-902-5707
65398891-8b60-42c3-99eb-2336324067c5,Eachelle,Clardge,eclardgea5@chronoengine.com,705-264-6112
af02f63f-e9d8-434b-b06f-b24dbf22874e,Marybelle,Hanbridge,mhanbridgea6@cbslocal.com,183-983-1974
4416d6d4-b7cc-4e6d-8c58-33112e071843,Morrie,Clerk,mclerka7@ted.com,837-953-7182
60115c4f-aeac-49fd-97a5-b2cc966c0f9c,Karyn,Soan,ksoana8@addtoany.com,461-765-6107
9a3a3f46-dc55-4785-97d4-6dc9f07902c8,Nealson,Dyshart,ndysharta9@virginia.edu,974-263-1514
3d2966e4-37d4-49d1-84f2-fbacf125c074,Cthrine,Leeman,cleemanaa@phpbb.com,660-381-5555
4bb432c9-c4e5-4439-91f7-1ac8280633e5,Ethel,Lendon,elendonab@google.ru,988-724-5378
1131bf46-156f-4028-8030-96bb1fc0c2ce,Chloris,Mithan,cmithanac@dyndns.org,611-855-7731
ad2ddfb8-8759-44ae-82ff-95a29880171c,Chas,Mawne,cmawnead@huffingtonpost.com,883-765-9300
8944f056-e605-46f8-b5b5-e1a6c7aaabcc,Dagmar,Le Brum,dlebrumae@geocities.jp,274-226-1721
5341a5b1-7ff3-48b3-9382-f062b182a309,Eugenio,Lindner,elindneraf@mac.com,609-322-2697
b336bf4c-a92b-4ec3-ad2c-aa67307f9a31,Susannah,Worham,sworhamag@businesswire.com,155-222-7026
e93f4ce3-982b-4982-aced-084e9b29171d,Bordie,Lapley,blapleyah@wikispaces.com,524-627-2719
ef70771f-4973-44ea-8d57-0763b05eb2f1,Christoph,Blatcher,cblatcherai@independent.co.uk,134-116-9270
f2c6162f-5956-465b-acc6-a99fc8f3fc61,Jany,Ridout,jridoutaj@liveinternet.ru,774-721-3508
83ea8de2-201f-4457-8347-0428e7aa7d3e,Nikolia,Govier,ngovierak@about.me,287-856-3609
1036c269-dc3e-46bf-b828-524d0dad2384,Ewan,Dobell,edobellal@sitemeter.com,949-616-8661
33ba5aac-0bba-41e5-92b7-613264a90dfb,Amalee,Wadforth,awadfortham@hud.gov,366-564-3538
18e96f5f-1be7-44a9-9e87-33e3f9054808,Truda,Anthony,tanthonyan@cnn.com,610-200-9264
f120153f-ad82-4dc4-803f-01444dabca82,Glyn,Du Plantier,gduplantierao@taobao.com,389-958-2694
c486ccd3-b718-40fd-8025-81c698c13111,Jewelle,Mityukov,jmityukovap@who.int,615-517-6371
853a9a9a-e22c-4a53-a08a-edd5ea3f5058,Wildon,Digman,wdigmanaq@discuz.net,303-591-8239
47c546b2-746c-4e1f-af25-121a0bb2feaf,Filippa,Dennidge,fdennidgear@google.nl,146-620-1276
4b756ed7-7066-42b6-a1e2-7ea84db0eb50,Shoshanna,McNaughton,smcnaughtonas@ebay.co.uk,289-449-9706
41c04e3e-ec90-48ce-b927-8f7eef4d1b5c,Mikey,Wodham,mwodhamat@whitehouse.gov,661-495-9547
4a45fdbc-254c-4cb9-9232-d287ff4aeeb6,Roxy,Banisch,rbanischau@nifty.com,551-453-1606
fc3d89b9-2072-4ce3-835c-2120967aad1a,Nathan,Brewins,nbrewinsav@alexa.com,861-345-5708
a6ed59ad-f37a-42bf-9ec6-6042e46cf1b2,Johnathan,Boldison,jboldisonaw@geocities.jp,314-487-5199
0963fedf-f00e-46d5-9c55-dbe1bc1db0c3,Willie,Cazalet,wcazaletax@archive.org,580-986-0514
bc3a02e1-347a-42e2-ab0a-13cb73ee8ea7,Avril,Ryles,arylesay@opera.com,641-886-7379
d2cf9259-2637-438f-8018-7aa1c44865e0,Bartlet,Wormstone,bwormstoneaz@berkeley.edu,375-264-8684
1749b7e3-418b-4ee0-b54d-081d82f37310,Annalee,Langstone,alangstoneb0@merriam-webster.com,292-451-9936
b1bf6d1b-ff5f-4a42-ac2b-bbbe0ce4e9d0,Lorena,Schott,lschottb1@wix.com,537-111-4397
735afef6-7040-41fb-a6a9-21be06ba514c,Alvie,Roizin,aroizinb2@cnet.com,204-408-5149
525a9d7b-a62a-489e-acdf-292c0f80af0d,Prinz,Antusch,pantuschb3@edublogs.org,759-193-5137
5dc9f7dd-fab6-42f8-a926-ff45ff06838e,Davidson,Robbel,drobbelb4@discuz.net,845-183-8574
381111d8-fb2d-4145-81ac-55fc30bdc91b,Cordey,Mournian,cmournianb5@chicagotribune.com,823-656-9211
3097c3a8-444d-4266-9b67-d80dc48cdda7,Robby,Urey,rureyb6@alibaba.com,260-746-5804
e3cd3a0a-8ad4-4f26-8678-a8e2f94274ac,Julianna,Orht,jorhtb7@sohu.com,335-424-1004
e740a384-ea2b-42be-ba74-f2d1947286d0,Bobbye,Sapseed,bsapseedb8@accuweather.com,660-967-6043
5c93563c-ad98-4d4f-af5b-4c71a8314e61,Kariotta,Plott,kplottb9@columbia.edu,260-981-6180
87acbf85-5cc2-42c9-9afd-bd5bf8a461f7,Suzanne,Hargess,shargessba@livejournal.com,458-873-8762
71bdad0f-f101-4433-9072-3ee7c39a2e3b,Bertine,Rallings,brallingsbb@yellowbook.com,142-941-0047
3cb8f9b7-e785-48f9-a071-d0e8ce7e51f1,Genevieve,Oldfield,goldfieldbc@oakley.com,371-788-0638
e83b5d66-4e49-41ad-b068-05201e96b8f8,Alexandro,Dows,adowsbd@indiegogo.com,909-360-8982
9493261e-002c-4f2c-8446-764bab3c4aaa,Humberto,Vasey,hvaseybe@issuu.com,968-510-4196
b3e80f13-9ced-480f-8b0c-f429378c7c14,Guillaume,Jouen,gjouenbf@e-recht24.de,725-798-2523
8271ef69-5de6-498b-a71d-6f290471ac87,Bettina,Izak,bizakbg@wix.com,167-910-4619
4b2b2f6b-46f2-4afc-8244-b6106e464d3d,Mollie,Tire,mtirebh@nbcnews.com,234-395-3711
3c1efa2e-112d-43cd-bb64-df2e0eb0a7fd,Jeffry,Jeffress,jjeffressbi@stumbleupon.com,343-189-0223
01605124-8173-4e3a-8fd4-1f34d46f18b7,Kermy,Domel,kdomelbj@bbb.org,645-319-7725
dc88e1a7-8a97-4cb7-b377-4a48eaec93b9,Roxane,Bigham,rbighambk@ucla.edu,834-940-2772
8c5a06d9-b017-4da1-a0bf-73880dfd4bb2,Schuyler,Dobrowski,sdobrowskibl@geocities.com,288-932-0303
7cc0277a-cde0-4eec-8171-7e93ae5cd995,Waldo,Chinnock,wchinnockbm@aboutads.info,662-134-5251
fc5207fe-d234-4296-932d-70f0a6490c61,Pincas,Kaindl,pkaindlbn@qq.com,103-476-0451
a5a42152-647a-432c-b0a9-c3aad895dfee,Gladys,Cousin,gcousinbo@narod.ru,569-511-2761
2c4b10fc-4204-4931-a185-8b13b3f60b7a,Wyatan,Alaway,walawaybp@trellian.com,727-456-6028
2026af43-a8a5-4e7e-964a-444ea647111f,Aeriela,Gierck,agierckbq@va.gov,831-527-2869
9d009cd5-fe57-4406-b541-1ba686f54b1f,Wendell,Bullivant,wbullivantbr@nps.gov,380-766-3482
64eee679-23c1-40fc-b751-9c9d046d961b,Hyacinthia,St. Hill,hsthillbs@photobucket.com,619-152-5216
f8e1acb6-83c2-49f7-a183-7c01ca6739d4,Sheryl,Farmar,sfarmarbt@nasa.gov,898-984-7655
d8bdfb4e-ce0a-4e18-84c4-d4e522ccdbc7,Adrea,Wilprecht,awilprechtbu@sogou.com,666-213-8822
3e6c3d27-d6e1-474c-a96c-5cad135a4b5c,Brittani,Poge,bpogebv@trellian.com,547-325-7120
8cf4c7ff-4bb1-4c25-b576-8310b76a9140,Myrtie,Cacacie,mcacaciebw@storify.com,288-858-1310
88e859b9-98b0-460e-929e-48500f63e441,Alain,Lawfull,alawfullbx@ucoz.ru,615-384-8871
99fa19c8-24cb-4870-a785-fa5e70818f98,Wiley,Styant,wstyantby@cloudflare.com,415-918-4793
b289127b-0a34-4add-9031-1104bb5c10d9,Viva,Bryett,vbryettbz@senate.gov,872-387-2388
1e4cdcc7-0884-4d19-8e89-218b6cf96ac5,Elliott,Mourant,emourantc0@squidoo.com,299-985-3441
568fb0ed-0712-462c-ad8b-0e72ef6a5500,Yule,Chawkley,ychawkleyc1@addthis.com,388-328-7010
d84efdbc-bd18-48b1-81b5-772a66a83357,Riannon,Champneys,rchampneysc2@dropbox.com,951-414-4556
2f5eae66-d26b-41ea-a58b-05308b180534,Brooke,MacNockater,bmacnockaterc3@latimes.com,243-234-4080
4a1f438e-d098-4979-acb0-b7085f523f7e,Denver,Daud,ddaudc4@fastcompany.com,966-848-4791
0ac8ab25-12b8-4bd3-babc-247d58d64bd7,Llywellyn,Kimber,lkimberc5@soundcloud.com,297-732-4232
176cf83b-26af-4157-971c-05d557e91ae6,Hale,MacAulay,hmacaulayc6@indiegogo.com,664-636-2827
3cd7b71b-cc64-403c-8068-6ea3d516f167,Fern,Sheivels,fsheivelsc7@cmu.edu,722-226-6451
5d351a55-63d0-4ca2-9c7d-764a499330a5,Leslie,Tamburi,ltamburic8@squidoo.com,131-710-8701
42a7a7ec-1446-44f5-8cf6-7d13332a2f44,Margarette,Meeks,mmeeksc9@creativecommons.org,761-788-3454
78581a5e-6bb2-4997-8c2e-55579c3494dc,Mozelle,Cluckie,mcluckieca@hugedomains.com,460-402-4988
f4c4c9ac-080d-49f8-bf8a-ceec637df32e,Nonah,Das,ndascb@amazon.co.uk,375-464-8093
66896c8e-2ed5-43b6-ace7-77003350642f,Riane,Dexter,rdextercc@comsenz.com,156-242-9853
fdbe46b1-ed2f-49e4-801d-96f9407b5b9c,Paule,Benini,pbeninicd@un.org,819-539-1757
e761c8fd-2f2a-4446-ac01-3e74fda8a355,Carlie,Swynfen,cswynfence@ox.ac.uk,112-576-4340
28e173c6-d405-4ac4-8547-bd8c942b89ee,Donaugh,O' Liddy,doliddycf@kickstarter.com,539-396-6446
037a6971-953b-4955-a85f-021fd314b790,Ebba,Di Napoli,edinapolicg@tinypic.com,198-311-5606
5f395b29-5364-4db6-8dc1-8f8bd29896a0,Neron,Guyonneau,nguyonneauch@wikimedia.org,962-276-0207
dd9bc56d-ce9b-4be8-a2f0-c3a329caf1af,Jeannine,Whapham,jwhaphamci@miitbeian.gov.cn,272-778-9291
e3919f21-afb9-4dd8-9c6c-6cd7461af841,Maritsa,Curnow,mcurnowcj@amazon.com,993-237-0872
72b507f6-f76d-48da-af3e-6b1a2087ee28,Hyman,Bow,hbowck@cisco.com,561-957-2570
48084ab1-b244-4ff1-9308-2631b6922e46,Ervin,Mengo,emengocl@cbslocal.com,482-190-5204
637210ce-94ea-422e-9370-7a7884fb23e6,Agretha,Gluyas,agluyascm@cdc.gov,680-233-3411
c3d37e55-bcdd-4b1d-a7ad-833d867d4d99,Bel,Doppler,bdopplercn@prnewswire.com,204-560-4170
aba4d4e2-9847-4fca-8f35-dccaa60e2329,Rhett,Lattka,rlattkaco@4shared.com,177-222-0543
468d2812-016d-4ad1-98c2-7a41463ea5da,Skylar,Valentin,svalentincp@live.com,336-332-8048
b987e788-1734-45b3-974b-c1c8639fa457,Patten,Le Merchant,plemerchantcq@pcworld.com,509-743-9496
861793d5-6040-4195-bc15-8a1d6da96cc2,Mireielle,Godier,mgodiercr@woothemes.com,424-482-5880
bb3f7198-3ba5-4d68-bf2b-43f36f202a1e,Redd,Skudder,rskuddercs@cmu.edu,494-871-1102
607b9e4e-e82a-42e6-8bfa-5980355e2dff,Gail,Ingree,gingreect@cisco.com,164-891-5010
e8f121d3-bda8-4f9b-8bd8-42d7b1cbf771,Trevar,Sange,tsangecu@ifeng.com,521-472-2347
85b3208e-b312-4eb7-b115-3658b806ec40,Umberto,Zack,uzackcv@mlb.com,419-329-1077
ebf78a7d-e579-41ea-a52e-e24236b10220,Latrena,Cordery,lcorderycw@artisteer.com,601-308-8430
bc710bd3-df93-4139-b9dc-5362b06287a9,Sharity,Cubley,scubleycx@wp.com,269-882-9449
fdcdb261-bd07-46bb-9b72-f460f32a0700,Salaidh,Lanphere,slanpherecy@etsy.com,858-596-7120
5693dfc7-f116-429c-b9ef-bb7f78d06617,Ashlan,Elgar,aelgarcz@msu.edu,783-400-0742
9ccca6ae-1c25-490f-8066-393625f80417,Blanch,Domini,bdominid0@blog.com,823-777-1291
7b4efbbc-c503-4222-b4df-b8fd49b23878,Clare,Corradeschi,ccorradeschid1@ft.com,257-842-5928
33cd78a1-63f3-463f-b3ad-a46bb0c055da,Ozzie,Eskell,oeskelld2@mashable.com,798-548-8563
507c6e84-4e6b-41b8-8b12-dc180e38186b,Marve,Arnau,marnaud3@t.co,947-454-7138
b61e4b8f-1af8-470c-8428-4fccf7617721,Graehme,Essam,gessamd4@mediafire.com,844-376-3085
42c2878f-8146-4b89-ad13-1dc207e558a5,Magda,Nathon,mnathond5@tripod.com,477-976-9727
8d090b10-a5a2-4fc4-b434-04808337f091,Eva,Terrans,eterransd6@webmd.com,984-686-4682
40c03316-75ab-4d95-9c21-f75f61b9e025,Burr,Misken,bmiskend7@state.tx.us,553-489-0854
c8afe9e7-dc13-4839-8b17-68b017f40e71,Brigg,Strang,bstrangd8@list-manage.com,148-103-6869
7ead57e6-893d-402e-8e95-f291b8fbfb84,Janot,Morston,jmorstond9@about.com,318-186-0744
78747d73-c7fb-4362-a552-875585f91e98,Carlen,Swinglehurst,cswinglehurstda@fastcompany.com,132-161-2545
e0e37adf-53d2-4fd8-a9c6-0d44140f7ab1,Byran,McFarlan,bmcfarlandb@amazon.co.uk,791-396-9917
35bd5919-dcb1-4da5-9de0-f8c10d4c761c,Sydel,Lazenby,slazenbydc@deliciousdays.com,842-682-0389
794a2b51-ca02-46d0-ba4e-a7140fc9962f,Halli,Jacobsohn,hjacobsohndd@cdbaby.com,988-310-3749
931b6417-5997-47d8-8b63-0f7b43f3c63a,Laetitia,Fehners,lfehnersde@umich.edu,545-867-5715
64721ad9-afc6-4111-bf1e-2224d70270f2,Tracie,Giffon,tgiffondf@squidoo.com,280-318-3195
a2c4b726-9871-48f7-9ee6-8aa61d8dd2ef,Fanny,Sylvaine,fsylvainedg@plala.or.jp,889-797-4987
1633e968-1a83-47f0-8cf6-becfa7363655,Tann,Alfonsetti,talfonsettidh@google.ru,684-995-8915
b701071a-b185-46d2-89ed-44e9dfc4b4ca,Lane,Cromwell,lcromwelldi@smugmug.com,625-862-6965
8aa54852-10c3-40d5-9c7a-9b18a969965c,Caty,Applewhaite,capplewhaitedj@seesaa.net,678-815-5545
99df44a6-b167-4a89-8e0f-30fb03a7d5c5,Bone,Jankiewicz,bjankiewiczdk@usatoday.com,924-963-4239
cf9672fb-0c00-4c6c-bf57-78b83a387b07,Olly,McKoy,omckoydl@japanpost.jp,470-390-9184
9f913ce4-0f80-4d29-8355-fafeb1666f1f,Avis,Verbeke,averbekedm@mtv.com,615-607-8734
29f1656e-8ec5-4cca-8b41-c4b5d94beab8,Ephraim,Willden,ewilldendn@godaddy.com,973-375-9174
8f5dbdf8-e72f-4487-acb9-dc8bcb3065e4,Phyllis,Whimpenny,pwhimpennydo@icio.us,403-974-0721
05fa07c8-4a2c-490d-a7ec-f7aaa1f69099,Marin,Fuggle,mfuggledp@webs.com,397-618-9459
b87df5f4-ff2c-4f1d-9661-8916733e46fc,Rafferty,Marsland,rmarslanddq@statcounter.com,264-890-5584
fbfcd68b-7282-459a-8130-cc4ce93634d1,Twila,Blanche,tblanchedr@ft.com,910-436-9492
94847f27-5743-466e-ba3a-9f8c28a600d6,Jody,Mellor,jmellords@github.io,381-838-7607
7b604b7b-d06b-4e68-a976-418851ec71d2,Winifield,McLachlan,wmclachlandt@unblog.fr,481-540-8289
336bf45a-4b11-4db8-9db8-064fdc950d42,Vikky,Braidwood,vbraidwooddu@cloudflare.com,180-797-9812
51fbecc3-e45e-45d9-b511-1954dd152c36,Vilhelmina,Beange,vbeangedv@narod.ru,179-414-9768
d7868ca3-022f-4fdc-a9d8-8b25339932c8,Therine,Gomm,tgommdw@marketwatch.com,173-738-3788
96039fb3-77d2-44ea-a95f-7aa85b4f1ea5,Phillis,Davie,pdaviedx@acquirethisname.com,334-348-6350
4050d784-ac2c-4ecb-b1d8-cbe9417274f5,Micheal,Boodell,mboodelldy@comsenz.com,815-572-1674
059b1845-92e1-44a4-814a-b87e9c4e69d1,Nils,Spinnace,nspinnacedz@guardian.co.uk,421-423-9780
489b7fce-444f-4f1c-a137-c55dc21ec1cb,Fanechka,Dearsley,fdearsleye0@mashable.com,529-934-6487
0d30a544-5382-4a87-a345-1362a301515d,Callie,Schlagtmans,cschlagtmanse1@booking.com,382-892-0640
433b1c3d-b683-4370-a839-3a2aee36b91d,Miller,Asquith,masquithe2@youtu.be,186-516-3186
7981a52e-5bc3-45b7-bf4e-5e15c55ac69e,Richart,Ivashechkin,rivashechkine3@go.com,604-601-2430
ef542219-a6a1-4d2c-910d-1553126c4312,Maribeth,Volke,mvolkee4@usnews.com,105-703-3488
d45c08aa-aef8-4ffe-b9ee-4d55acf41f61,Erick,Ziemens,eziemense5@4shared.com,590-386-0170
1ca9cde2-09d3-4fcd-8371-914e97958efa,Ericka,Hook,ehooke6@yahoo.com,198-277-9559
c44d11bb-9e2d-48f9-96ed-7f1065db26d0,Deanne,Sellor,dsellore7@huffingtonpost.com,888-218-6547
708bd587-8613-434d-9799-b103fd9acbbc,Beitris,Thaller,bthallere8@cafepress.com,401-307-5206
bf61212d-d18e-4e95-b683-c51dee016cbe,Kym,Fahy,kfahye9@bluehost.com,876-552-7055
a043a231-44a4-4179-8875-1aa670588661,Irwin,Bayston,ibaystonea@sogou.com,472-273-5305
f2d2a073-9640-4710-907c-1f64db4f0709,Loleta,Feeley,lfeeleyeb@furl.net,130-200-4575
97ce1b0b-8022-4917-9737-667f3b82b6a8,Fayina,Oughtright,foughtrightec@ebay.com,654-947-0887
f1ca239c-51af-434f-8e72-09e58d260675,Leonie,Raiston,lraistoned@addtoany.com,367-734-5237
15d6f91d-dca8-4005-b2a4-d290a5fd2bc7,Corine,Southerill,csoutherillee@cnbc.com,856-295-0249
b8035e56-9f91-4e9c-a11d-e6b24eb203ef,Norrie,Geraud,ngeraudef@angelfire.com,847-984-3408
ec7da6e4-fc6f-465b-a68f-892667f12040,Silvano,Seear,sseeareg@eventbrite.com,977-433-5825
996c0cef-c2ab-45a1-b130-2f9d31011ad9,Mae,Coppens,mcoppenseh@census.gov,680-138-8981
8904a8f8-5e29-4127-8ea9-81025063f322,Alick,Witz,awitzei@multiply.com,117-397-4348
ab1e3284-e6d9-48eb-9cf9-56515e52e3ec,Miriam,Claxson,mclaxsonej@microsoft.com,957-663-3439
bd41fbf9-052f-4234-94e9-50cfe188e5e5,Allene,Ledwitch,aledwitchek@typepad.com,636-559-3315
587cd920-362d-4655-a2e1-8dee4540d17f,Mayne,Cornish,mcornishel@baidu.com,637-188-2130
942d0073-e9d0-4368-8ab5-e08538d052e7,Mathe,Parnham,mparnhamem@spiegel.de,939-734-2205
132b18b1-42e9-4290-ac29-9b590c3dc765,Rufus,Rue,rrueen@ebay.co.uk,572-179-3569
99569022-addc-4763-a146-214f005589e4,Logan,Grelak,lgrelakeo@xing.com,776-150-0001
aafa97d4-6c5f-47ec-9793-dd7732cb3adb,Gayle,Wolland,gwollandep@blog.com,150-855-0105
d24a068e-2590-4041-a9ed-d483219750d3,Adelind,Folk,afolkeq@w3.org,461-157-1666
b0e5b81b-4abf-4bd0-a88a-9f2de7e94492,Rowan,Peasey,rpeaseyer@who.int,316-910-2483
b5d6159c-60ad-4cd5-b816-7068d3f600c2,Mallory,Sharrocks,msharrockses@homestead.com,513-701-2371
0af5b5ee-60ef-4f74-b96d-7e85fed32e6f,Rorie,Kiddey,rkiddeyet@goodreads.com,490-369-3868
f2682c15-dc30-4516-8d38-cf15bfbf600d,Selie,Curling,scurlingeu@ibm.com,607-621-5711
39b0c403-d735-43de-b2f5-bdc39f9cdc2f,Anabel,Tidder,atidderev@cmu.edu,294-268-4949
ac364aff-4ffb-4bb0-8bb4-78682088d48a,Millicent,Durtnel,mdurtnelew@ifeng.com,229-302-2332
ccf9ca03-f01a-4826-a098-a7c4bbf597f6,Caroline,Seeds,cseedsex@blinklist.com,271-771-3307
57ec3319-1d19-4e67-8b27-4cd1d517aa69,Luciana,Sheal,lshealey@smugmug.com,726-445-0954
bebad3f1-9632-41c0-a957-9264bd73fcf9,Gaby,Greatbach,ggreatbachez@hubpages.com,916-279-0003
d67fe121-1284-4284-b1d8-8ad223e3b11b,Parker,Marling,pmarlingf0@vimeo.com,124-911-2276
ceb24209-44c5-41e4-a6be-3646f90b2166,Alaine,Messingham,amessinghamf1@hugedomains.com,468-940-5722
5437e4c4-2b6e-4c52-baaf-775b04ade816,Tynan,Reisen,treisenf2@pinterest.com,549-448-6961
822283dd-266b-4395-a334-b7356fc2d7ec,Boris,Samper,bsamperf3@purevolume.com,830-979-1474
1621199e-b928-4553-8ee4-9a031c86a1b4,Elston,Comiam,ecomiamf4@php.net,112-310-1436
eec641f4-81e1-4232-9b2f-b4d2beec8757,Sylas,Delahunty,sdelahuntyf5@wufoo.com,897-725-6342
01f816f7-1831-4a73-93c1-fbfb9aa7e42f,Sergent,O'Shevlin,soshevlinf6@fda.gov,171-144-7699
d48681c1-5fc1-4d50-9f63-742994d7aeb2,Clotilda,Sprosson,csprossonf7@japanpost.jp,204-483-5655
b5c38ed8-0ce8-4dc3-93a0-ec0005bfc3f0,Tabby,Ovill,tovillf8@unicef.org,202-304-3671
a4e4c319-3448-4f21-a86d-738224085509,Cele,Brugger,cbruggerf9@dell.com,328-681-3159
dbc7e9d0-8141-4ec8-928a-f5947004cc27,Kylynn,Bloxsome,kbloxsomefa@google.ca,422-716-9204
0132c362-da53-4e60-b82b-d7a6142dd1b8,Lea,Pawlett,lpawlettfb@hatena.ne.jp,887-374-6942
483a21a7-d680-434b-9504-69f77101f436,Farrah,Matias,fmatiasfc@google.nl,233-937-6631
3d08813a-cf66-429e-81dc-0f8c741c5e92,Melva,Antal,mantalfd@w3.org,471-392-1533
23e98167-cf24-4923-9dd0-8f9fdf16060c,Carin,Dedham,cdedhamfe@hibu.com,334-171-1192
25ac2ae4-2147-4a30-b7db-c73a68f6a31b,Claire,McCullough,cmcculloughff@wikipedia.org,167-731-7840
991423d6-990a-43b9-a200-83332081b6f7,Graeme,Jevons,gjevonsfg@dion.ne.jp,566-331-5306
9e04fd36-953b-448f-a47a-89c1bfa9aa75,Marta,Neachell,mneachellfh@biglobe.ne.jp,880-167-2348
7ad34980-8da0-4048-b5fc-7ebc7d7c3f77,Minor,Crowcher,mcrowcherfi@irs.gov,794-534-0862
2e56391e-6395-4d22-8e01-8a6f145b3fb2,Auberon,Dutch,adutchfj@meetup.com,501-489-3942
faa4f95e-aad0-4014-97d2-8c3f5de43c82,Mallorie,Griffiths,mgriffithsfk@free.fr,783-485-5273
2b14050f-4adc-4f9e-b84c-608bfa087623,Alexandre,De'Ath,adeathfl@blog.com,963-603-6835
7704b21f-9ab5-4c96-88d1-7848efc5bd25,Jessi,Glyssanne,jglyssannefm@oakley.com,581-254-6896
83a0445c-b74a-4624-8a20-2f9a3b449d8c,Randolph,Spinella,rspinellafn@cbslocal.com,980-462-5314
f2948f9e-b634-4825-8089-4509dde7db7b,Hephzibah,Fairfoot,hfairfootfo@nih.gov,569-437-3558
509da792-c0d2-4ec2-8727-8a2c01f515d5,Rois,Arden,rardenfp@upenn.edu,552-876-4686
ff558386-bd32-404d-b6ac-4707fc6ccb29,Dewitt,Mussotti,dmussottifq@bloglines.com,968-449-7499
e5222705-5386-4f45-bfb7-f8c02a497be6,Cornie,Kaine,ckainefr@ocn.ne.jp,514-577-5809
e1ee5537-c31f-4537-98d4-e9d98bf9d665,Roxanna,MacNish,rmacnishfs@dot.gov,108-290-0514
1b5520a1-a256-4369-85bf-f3c1c74ee459,Frank,Gueny,fguenyft@discuz.net,254-623-5566
fcfd28d9-e910-4631-ae36-53eefa0d7169,Edmund,Gammie,egammiefu@harvard.edu,573-896-0237
33f32f11-74b9-4251-908b-c0a743d15558,Harper,Aartsen,haartsenfv@weibo.com,749-660-1876
2241532d-03c5-4f44-933a-e92c98c87ac6,Nanette,Rallinshaw,nrallinshawfw@lulu.com,611-723-2383
dc3419f6-808e-462a-98cf-3937d42e7750,Jeff,Callow,jcallowfx@webnode.com,459-796-7761
e88fa238-e1b3-4b69-ba9d-82ad61c7f7e6,Jaime,Papworth,jpapworthfy@myspace.com,829-262-1909
b477425e-0dda-4905-aefe-71b1165352c1,Amelina,Joncic,ajoncicfz@squidoo.com,734-187-8646
66c4b775-4367-427b-8338-ada522453e0f,Irene,Bamber,ibamberg0@google.ca,968-325-8958
34bd0d9a-2d76-4e9c-98d8-2672b23af20e,Elladine,Chasles,echaslesg1@adobe.com,753-926-8731
5d9db706-2ea8-424c-acc7-4f4b6235e65e,Vaughan,Lawful,vlawfulg2@umich.edu,949-233-4752
2d9d5fa7-4735-467d-9068-6d2c48ede7f9,Fredric,Cadwell,fcadwellg3@is.gd,684-949-6541
1400f001-e8b5-4f95-b118-92abfdd67ef9,Ellsworth,Thelwll,ethelwllg4@g.co,156-379-3927
4b235844-79bf-4662-81ef-8d41a5934fce,Harold,Galgey,hgalgeyg5@seesaa.net,550-704-5079
33d14327-aec5-4a2a-a566-32a6d159e9b1,Elberta,Mardell,emardellg6@tiny.cc,984-592-2778
0f8024a9-505a-40c1-baa1-d54aaacba325,Ainslee,Core,acoreg7@clickbank.net,173-698-1581
f48a8bfe-b73d-4eab-989a-4f0b6e77547c,Rorke,Renton,rrentong8@nyu.edu,990-346-9322
0fd2be5f-3fe4-4d0f-ad52-8d327be7048f,Sly,Frere,sfrereg9@biblegateway.com,985-518-1044
6ed7b38f-f0de-4ab4-a7ca-c23f7d1e8c4f,Jake,Coverly,jcoverlyga@tiny.cc,925-843-6314
9b1e3638-2602-4142-bfb1-801fd26c0fcb,Leontyne,Mounter,lmountergb@yellowbook.com,523-650-0315
a514321d-26bd-4d42-a067-3d9d538a51fb,Tome,Ropp,troppgc@discovery.com,343-691-9315
6f2131f8-c88a-4aa3-9977-fc2d92afbed0,Korella,Filppetti,kfilppettigd@issuu.com,315-247-2333
d4123cc7-4e2c-4d9a-8cc7-21e01f1a9f2e,Beryle,Ibbitt,bibbittge@ibm.com,945-791-0003
221471b7-0baa-4b44-af0e-594d1cb08400,Saunderson,Hampton,shamptongf@un.org,824-253-5441
57c99e12-25ce-46c9-8e96-d20d03ce8ac9,Annora,Lockart,alockartgg@trellian.com,729-162-6007
aed918fb-6838-4cd7-a379-521cb4d26c5c,Laurianne,Origan,lorigangh@hao123.com,793-574-6718
30dfac01-37cf-493d-8745-4dfedacea06f,Read,Tanman,rtanmangi@chron.com,118-893-5942
2191acbb-c0e3-4e6e-8efe-7ae5ae238bec,Hart,Crucitti,hcrucittigj@weebly.com,675-816-8965
202bb913-860d-49fd-8dcb-720c30663257,Jonie,O'Meara,jomearagk@geocities.com,332-382-5988
c62bffc8-6bd8-4a4c-a3f3-d38884a704eb,Gisella,Tunno,gtunnogl@hostgator.com,572-147-2077
3f6ce633-1ecd-4605-bd53-af208f93d142,Oralie,Blackhurst,oblackhurstgm@bandcamp.com,189-406-0732
0685222a-4527-4f48-ad9e-9e1168383798,Reamonn,Stollen,rstollengn@time.com,662-802-7408
b373c0e7-45b0-4247-9184-e28a046cd199,Karlee,Shaxby,kshaxbygo@google.com.br,685-420-1046
619d1ae8-0d24-47b0-a386-f1fbfa45b94c,Rivkah,Whistance,rwhistancegp@example.com,809-497-7469
d98a1fe8-c178-497d-8ea1-6b7dec5f9b4a,Christie,Rivalland,crivallandgq@reuters.com,257-635-0346
7e46a2e5-c1ec-45fb-a609-8c9cd7facd41,Yoshi,Josskowitz,yjosskowitzgr@123-reg.co.uk,796-568-9439
c3154edc-7d8d-4727-910a-0d4101ca8880,Herb,Walklate,hwalklategs@csmonitor.com,427-658-7282
e26f048a-b7cc-47c9-81e4-8c6432d503f8,Brenn,Bridge,bbridgegt@infoseek.co.jp,948-660-9065
0d4c7d68-4126-46c6-8583-6ab545d98340,Candide,Maffioletti,cmaffiolettigu@hhs.gov,232-866-6480
b26d6e4f-83ce-4dea-b476-ee1cf8427b00,Nonie,Matzeitis,nmatzeitisgv@drupal.org,344-664-3659
60ee9e79-54e7-4f72-b5f6-86de56858dc7,Cherri,Haylor,chaylorgw@fda.gov,686-428-3944
deaa139d-2935-4dc6-8e3e-0c87f02fbb3a,Kendall,Yonge,kyongegx@wisc.edu,813-425-4276
2af85f18-8cb2-42d0-bf32-b35687c2a8ca,Carlynne,Lude,cludegy@slashdot.org,534-316-6693
59d15577-c5a2-4f9d-a606-9fc1e183a694,Analise,Vaughn,avaughngz@tinypic.com,432-585-6336
edcaad6f-8540-4975-9b23-4146ff2b9e15,Nettie,Dorney,ndorneyh0@goo.gl,354-478-3027
06431700-dc54-4f30-ad04-42188bf60b37,Kathryn,Sang,ksangh1@nationalgeographic.com,297-293-3315
7e0da099-0f3b-4c1b-90dd-8a8616373390,Tracey,Porte,tporteh2@blogspot.com,145-777-2434
fb150af4-b929-404d-8bef-34b3eade38c1,Elyn,Jenckes,ejenckesh3@sun.com,375-413-0426
fa52d634-7f70-4c59-b599-087f7b1e9918,Robbie,Tillot,rtilloth4@ft.com,815-715-1979
7a128f24-e6e2-4720-aa24-ac79d6b741c4,Clarisse,Jorissen,cjorissenh5@yellowpages.com,282-432-3609
7521af4c-3aa6-4a3d-8f65-1c01c4ba45ee,Regina,Gouldbourn,rgouldbournh6@ning.com,488-938-7939
8c86f4a1-99e8-49cb-b39c-219247369faf,Rudiger,Arboine,rarboineh7@geocities.jp,747-449-4723
39654f93-9538-4695-955a-efe10854e96c,Jacquelin,Bocock,jbocockh8@amazonaws.com,117-460-8950
17fb3208-8968-4509-8a58-198167517c9f,Kassi,Piper,kpiperh9@tmall.com,707-324-1344
392d173a-8809-4da5-bc94-6b984541205d,Pattie,Reedick,preedickha@sbwire.com,933-620-1260
e42d37e5-02a6-435b-a1a8-be23e6fad556,Alvera,Twelftree,atwelftreehb@biblegateway.com,643-751-9078
000af06a-eff9-47c5-8825-3246f9f2b07b,Suzette,Aird,sairdhc@house.gov,567-980-9113
aa4abd59-d540-474e-bd69-4f85fb8a503e,Douglass,Pietrasik,dpietrasikhd@economist.com,909-735-4558
43aa7e9c-cd86-4b9e-a2c0-bfb861fbeda0,Jedediah,Donohoe,jdonohoehe@edublogs.org,600-642-6923
09e28a9d-9f0c-4ae3-a3be-6853a8e07e4c,Renate,Christophe,rchristophehf@aol.com,224-488-9493
79075663-69ea-4b80-bef5-568d201c7d6e,Nicoli,Tattoo,ntattoohg@rakuten.co.jp,524-343-6089
8f306cd2-6b8e-4351-b533-159abcfbe30b,Pat,Edworthye,pedworthyehh@intel.com,115-290-5908
ac64abb3-4d15-4935-8a20-a6a499349649,Nikolas,Gibbon,ngibbonhi@creativecommons.org,302-141-7184
1a5eaabf-07de-4fe4-ac36-4a775aa0f0b8,Reina,Holtum,rholtumhj@thetimes.co.uk,956-618-0979
5ba9ee7a-14d5-4ff0-afd6-538641e752ba,Daniella,Drever,ddreverhk@nydailynews.com,664-903-3138
70caa647-9ad4-423b-b035-becdbbd61c84,Emelyne,Thorogood,ethorogoodhl@163.com,470-296-9451
8e04e752-aec0-4662-b6de-32983e8be25e,Adina,Musgrave,amusgravehm@un.org,869-226-2978
b13f3a90-9392-4e73-bc8a-7b9cf10763a7,Gui,Sigmund,gsigmundhn@histats.com,417-349-0799
960e02e3-19b8-46e2-b043-68df64605f48,Floyd,MacMakin,fmacmakinho@1und1.de,838-911-0034
ec47b913-9e31-4ac9-b8af-2e398729883b,Jeniece,Lassells,jlassellshp@amazonaws.com,590-292-1507
ac3c601a-770d-4672-86fd-510493a54be6,Elayne,Di Francesco,edifrancescohq@time.com,406-703-2348
fad5d208-2e72-452a-9d5e-aa891e2017a6,Tony,Rechert,trecherthr@washington.edu,215-966-8728
6f27fb0d-1713-46ed-a439-c288d8c05455,Jewell,Forten,jfortenhs@eepurl.com,515-628-2506
f7fedb21-27a3-4dbf-852f-8e9cf9f309c2,Etheline,Warrior,ewarriorht@tumblr.com,122-192-5209
41f807a5-c0b9-47b5-aa1a-ac8113e5899d,Salvidor,Rikel,srikelhu@vk.com,841-374-3799
df0d2c76-58af-4a4f-b425-568e018866d0,Blaine,Raitie,braitiehv@infoseek.co.jp,584-755-7693
d9f54f60-0611-4386-be7d-8f7334a57116,Arte,Sydall,asydallhw@ed.gov,432-989-7980
2d4a1ab6-84f7-46f8-8c72-c263f6ab4362,Tasia,Le Clercq,tleclercqhx@skype.com,234-130-8702
e892369f-8217-4032-88c6-4722c7538f2a,Pen,Vaughan-Hughes,pvaughanhugheshy@ted.com,960-410-4797
9405de9c-e933-40cd-bf95-6de2e0c00830,Delcine,McFeate,dmcfeatehz@wsj.com,757-672-5799
1bc3a00c-a3f7-4972-b5ca-71085ba6b53a,Chancey,Whitehair,cwhitehairi0@altervista.org,651-146-4100
c506d09d-4dfb-469c-85e1-ae698bfed076,Paxton,Powlett,ppowletti1@statcounter.com,264-366-0976
49006775-53a4-4a41-93d9-95e5840a9bdb,Jana,Gilbee,jgilbeei2@amazon.co.uk,609-638-4974
dd0073ae-6cdc-4385-aaf1-4b5c8f649305,Charlene,Gabriel,cgabrieli3@fda.gov,818-447-4327
e4f59fe6-332e-4197-b00f-75102ae38cec,Giuseppe,Covill,gcovilli4@canalblog.com,744-926-5089
f3615471-fd99-43ec-8117-cb4dd53f1bb5,Carrissa,Millis,cmillisi5@dion.ne.jp,480-856-6858
799f96d1-ead7-48aa-bead-7f2e29c32c56,Carleen,Culmer,cculmeri6@qq.com,656-431-7238
cff5ba14-8479-44b5-aefc-f575f2533153,Bianka,Cogley,bcogleyi7@youtu.be,691-397-6917
43a75113-6159-493f-be26-c89322e3a986,Mahala,Readshall,mreadshalli8@wikimedia.org,602-736-6285
6755165a-b0ff-4084-ba32-d30d88789ec4,Edy,Winchurch,ewinchurchi9@gizmodo.com,509-918-4818
1076e6e3-d379-4512-bfe4-dfb6e2bbf522,Catie,Ferrai,cferraiia@google.pl,190-925-9797
497611e9-9472-4858-aa8f-9f599b7d0ec9,Katheryn,Cudbertson,kcudbertsonib@mtv.com,256-565-6496
35f4918f-dba7-4b80-a1d9-8cecd1285394,Mylo,Acosta,macostaic@shop-pro.jp,881-374-1185
35ed950b-c825-4ff4-aeec-45f8373e3a06,Minette,Quinell,mquinellid@google.fr,317-796-7825
21d3a531-e2ec-4a3b-8756-8b711410eaff,Valli,Roggeman,vroggemanie@jiathis.com,505-816-8638
fe2b4c75-ec02-41fc-9520-a4062d71be93,Vivian,Matteotti,vmatteottiif@prnewswire.com,373-188-3725
963ec62b-a30b-4367-b4fb-a9dbc44ff934,Miriam,Finnie,mfinnieig@ibm.com,784-426-1156
aabd0877-a8b7-4726-9ec7-85cc56dfd325,Adelaida,Beddo,abeddoih@parallels.com,985-375-3506
7d80193d-010f-4f92-8925-65c758129f86,Yehudit,Oakenfall,yoakenfallii@europa.eu,415-612-6347
1f45ad8a-bfeb-44ba-8102-aa1d9edac77e,Lanna,Sotworth,lsotworthij@berkeley.edu,542-134-9543
52b7a059-f65f-4d66-aea0-f0e78818c123,Dagmar,Sedgemond,dsedgemondik@de.vu,918-186-7562
5bbe57b5-02e6-4f64-bcbc-1258a59be6a2,Cordula,Flewitt,cflewittil@people.com.cn,215-261-4678
1031b2b9-c72c-4162-be55-953212b96332,Kathryn,Sponton,kspontonim@ed.gov,775-362-2742
53c9daa2-b5c5-4172-8022-d9e45d309c0b,Brannon,Pozzi,bpozziin@jimdo.com,472-581-2974
8a7a7733-9e51-49c1-b8d2-cd19fa9dd167,Kev,Waycot,kwaycotio@biblegateway.com,954-242-2493
cb083320-35f0-49bf-ab2f-4d4ad9f29c8d,Kiri,Keal,kkealip@t.co,730-344-6815
b9e55c3e-1b1d-4452-9ac5-225549b4cc67,Kesley,Serrels,kserrelsiq@macromedia.com,705-937-0716
d0dfce24-66b5-4627-82a2-ecfd92916aaf,Carrie,Godin,cgodinir@google.com,615-390-3264
93c80db2-3a4a-41b8-8a05-38512a15e18d,Evangelia,McClarence,emcclarenceis@webeden.co.uk,666-608-5765
53a04d4d-5e17-4bfe-ad74-e0d1cb28c0d1,Findlay,Carrick,fcarrickit@google.nl,424-953-4383
d5b91595-6c8f-4d7a-a3ee-bf0d7069adda,Rance,Goodson,rgoodsoniu@cocolog-nifty.com,794-671-5818
ebc246b7-44d0-41a1-90c1-b7b0efdabc9a,Stevana,Creenan,screenaniv@google.com.au,772-815-9984
4fd75c65-ca98-436e-8daf-370d9137b6ba,Dukey,Cheine,dcheineiw@pbs.org,813-444-6449
1f315e6e-2002-40a0-82c2-cd65b2ce25a5,Wiatt,Pentony,wpentonyix@pbs.org,967-802-5078
81d9e2df-18ea-4aaa-9c2f-0fb1cf75e779,Indira,Allanby,iallanbyiy@phpbb.com,612-532-9613
a9b26e8f-7d54-4066-975e-c46c9a45da2e,Trstram,Mathys,tmathysiz@un.org,564-342-6223
d38413e0-bf8d-470b-b2d1-f5798a378dd4,Adriana,Lamey,alameyj0@ocn.ne.jp,956-172-0961
487c5e4c-5150-42c9-96b6-c64d399fa65c,Tallie,Brakespear,tbrakespearj1@sohu.com,297-778-0870
06c559f0-ed98-4531-afd1-746edc6d8c47,Don,Freeberne,dfreebernej2@ycombinator.com,471-551-5538
75ee86e3-e208-4a8c-8b74-72f6e4eef5e6,Allissa,Scemp,ascempj3@com.com,979-750-2184
cddb9531-6fec-413a-9adc-4279964c5c20,Clifford,Wilkison,cwilkisonj4@mail.ru,204-736-4094
ec5f8cf8-1ecb-4358-8f99-b589df4ca04d,Berri,Gensavage,bgensavagej5@livejournal.com,411-198-6555
0213fef2-e38e-4963-898b-951c33512144,Benjamen,Fantone,bfantonej6@uol.com.br,592-228-9426
539f60b1-1485-4f04-a526-29a0e71f10e5,Shannen,Pascho,spaschoj7@tripod.com,773-953-8729
9d4d6924-8f6c-470e-8cc9-e8e757e3b731,Zebadiah,Bedinn,zbedinnj8@t.co,188-485-3417
c3e81cc3-7c88-4e85-8232-bc1c98ffa0af,Myrna,Binding,mbindingj9@creativecommons.org,692-568-1442
d19f8692-2ab9-4bf5-9bcb-9416553f6583,Evelyn,Hover,ehoverja@nsw.gov.au,691-410-9850
47b75d85-ace2-4bd5-8d25-c5b5fd800da5,Brandy,Obal,bobaljb@dyndns.org,539-777-0642
790f1558-3be9-4ba0-9b5c-a55370e885f7,Arabela,Napolione,anapolionejc@eepurl.com,802-735-4838
9b84d68d-26c5-43d2-ba5a-456180c8c996,Quinn,Yitzhok,qyitzhokjd@boston.com,742-510-0148
05556fa9-6182-4f37-ac94-4dbd9110fdd0,Latisha,Mateus,lmateusje@360.cn,889-649-2390
2c21e09a-801c-4927-94fe-398ba4692495,Izabel,Tuison,ituisonjf@cdc.gov,925-974-2880
99cdf8e7-05ab-45ef-a58d-fda11773df68,Giulietta,Methley,gmethleyjg@mediafire.com,816-833-9130
18917fa1-c9d5-43a4-8646-343ecc8700a0,Colene,Matussevich,cmatussevichjh@china.com.cn,412-523-2328
43d79f73-6d10-4204-9a27-d238179d42d1,Catherina,Dillicate,cdillicateji@princeton.edu,342-209-1826
b2a59955-0481-40a9-b2fe-385c89c30a40,Gill,Emblen,gemblenjj@imgur.com,362-578-0405
a0ff31f1-1731-4167-beac-dac1454dae84,Anatol,Merrgen,amerrgenjk@examiner.com,445-891-1535
59f6c7d4-997f-4af0-a580-691e0be0e14f,Kristan,Kilford,kkilfordjl@earthlink.net,473-767-7081
c10c235f-62cc-4d82-af13-51305c22ac2a,Adrian,Danielsen,adanielsenjm@indiatimes.com,591-548-2043
7f7f499d-65bc-4bf0-bcc7-a462a472f091,Lynelle,Harbord,lharbordjn@wordpress.org,114-123-4755
7627be88-7557-4335-8701-2d27e5adbfa4,Lancelot,Kyberd,lkyberdjo@surveymonkey.com,287-374-1239
6e403945-9e5a-473c-99f1-6b494f7b43d5,Tripp,Tonepohl,ttonepohljp@geocities.jp,317-175-9718
18ea101f-8b0c-47d4-b9f9-6b1e6ec43149,Alie,Hains,ahainsjq@thetimes.co.uk,512-157-8440
30f5ae73-f492-4528-bd7e-699b97b7f2b6,Domenico,Forseith,dforseithjr@google.ru,888-951-8859
aa49acf6-e02f-4236-a851-6573bb30485f,Laurent,Hourigan,lhouriganjs@nsw.gov.au,306-675-1291
2bedec45-206d-47c6-965d-b73e65558b22,Orelia,Vasnetsov,ovasnetsovjt@delicious.com,293-977-6338
d8bec53d-7bc5-4fd8-a5b2-bfc33be840b6,Juana,Hilhouse,jhilhouseju@booking.com,812-880-6635
5fc384a8-69e6-4551-829c-fa1c63d77eed,Fonz,Leadbeatter,fleadbeatterjv@weather.com,917-146-8694
b6d6d757-a36a-49ba-8bbc-3d243694dd1d,Reamonn,O'Heyne,roheynejw@tripod.com,181-504-3255
4f62cc66-64a0-4abc-a34a-01932fbc001f,Noemi,Simkiss,nsimkissjx@sogou.com,848-790-1795
32d0d7c7-bedd-4562-b861-778cea7b9315,Tiffi,Trevna,ttrevnajy@rambler.ru,429-366-7871
838818b1-967c-4f81-9ba5-bc7337b337af,Carole,Pittham,cpitthamjz@google.com,344-722-8283
4a45ac0a-86f4-4762-b18e-24c4c2c8ace9,Ricoriki,Fulham,rfulhamk0@about.com,716-908-3997
d80d5034-75bf-4ed9-b84d-8ca51ad04ba9,Nev,Shinner,nshinnerk1@ucoz.ru,435-868-9502
58f264ba-5b27-437b-b890-db0e3c6e23b3,Eyde,Jerok,ejerokk2@paginegialle.it,982-373-4162
9d5090cd-c1bd-4ee8-b8eb-59426979a0cf,Alyse,Kiossel,akiosselk3@stanford.edu,623-772-5265
203637bc-1ece-42c6-8d71-0978eb53a5be,Reed,Wolsey,rwolseyk4@merriam-webster.com,263-795-2006
1e419387-6913-4da1-95df-bc3f57f8e737,Min,Merrydew,mmerrydewk5@amazon.co.uk,620-899-1635
bad50f43-bd43-4e34-83c2-2390798c3813,Dari,Skeen,dskeenk6@cornell.edu,799-293-9882
8a2177da-8405-4ca5-8680-a246dd80b130,Hadley,Evason,hevasonk7@creativecommons.org,355-755-5865
90c13a20-ea25-4856-af6a-6ad4f964b359,Alasteir,Wilcinskis,awilcinskisk8@is.gd,641-644-1068
2fd7eb94-1b01-45ef-b5cc-b43e2c807b66,Alonso,Hanford,ahanfordk9@cdc.gov,468-195-7318
b3d5eedf-23fc-4753-a197-0a48e4d7b7db,Katusha,Graddon,kgraddonka@slideshare.net,680-317-3154
ac3dcd33-22b4-474e-90f9-258f431acc44,Georgy,Clist,gclistkb@flavors.me,480-323-9975
91d9a161-0c3d-4461-85c9-c1621c045c6f,Padraig,Bridden,pbriddenkc@reverbnation.com,395-703-8930
f93eed91-8c82-4a6b-8761-e9b24ec85d12,Margette,Duker,mdukerkd@xing.com,410-295-1660
a319f6a8-5dd4-4b14-8e2e-1ae0da677df7,Hale,Gay,hgayke@about.me,550-514-6007
d4528b45-477e-4c0b-9a0e-c655fe4a98e4,Maurits,Petofi,mpetofikf@jigsy.com,212-146-2503
4d494231-d4d3-43ed-8ecf-04f1055f7a91,Aaron,Denham,adenhamkg@soup.io,495-480-6945
350d2c94-abef-425e-a9d4-9883507f4745,Orson,Esselin,oesselinkh@unc.edu,538-259-6739
121ce881-6073-4cb4-80e6-fdb8b6e0d4ea,Hort,Goode,hgoodeki@cisco.com,418-113-7982
c70ab87f-ce69-4169-a935-6e16060f0e11,Catie,Bethune,cbethunekj@alexa.com,604-969-0472
d7a9bf6b-3696-40b4-a509-211d85a3c177,Jehanna,Poundford,jpoundfordkk@bandcamp.com,180-600-6133
f7da8a7f-93b0-4a92-ac97-89d68c0028e2,Estel,Cuthill,ecuthillkl@answers.com,522-768-9993
8ee864bc-e264-4ea1-a43a-2d972c791d7b,Keary,Skillings,kskillingskm@netvibes.com,541-388-1363
38c2e4a1-2162-41db-bf85-d04aac990e9a,Osborne,Athy,oathykn@jugem.jp,801-956-6157
010e6e2e-ee8a-4c20-ab1e-b00012baad43,Kingsley,Aggus,kaggusko@wordpress.com,912-354-3974
b79917d4-0df1-4438-9acd-a2e50bbe4492,Noami,Gedney,ngedneykp@epa.gov,829-458-9642
884d6482-3a36-4c22-84d5-e168b2b32450,Jaimie,Atwater,jatwaterkq@japanpost.jp,157-855-2038
33046745-11d5-49cf-a600-157eeb2bdedf,Carlee,Broxton,cbroxtonkr@independent.co.uk,545-602-9561
54bfbb08-f5e1-4732-8a9e-94bd8db5efe7,Farley,Denys,fdenysks@economist.com,611-533-9916
81c585ed-c824-4753-9877-051b81789596,Ivar,Merkel,imerkelkt@youku.com,437-420-7045
463ec170-24af-462b-a94a-ccd987e9021f,Balduin,Bretherick,bbretherickku@yellowpages.com,798-243-5500
cb138899-1d48-43bd-9306-bf5a3a227721,Gregoor,Broadstock,gbroadstockkv@chicagotribune.com,671-772-5974
583c43c8-52b2-401c-8f74-b7dc0c60765e,Mirella,Ragge,mraggekw@java.com,525-689-8629
f24fa13d-409e-465c-a4ad-da5cf9a9bc45,Parry,Cobbing,pcobbingkx@tripod.com,935-622-8230
552d6812-0f73-4438-aa29-3e1b226b7ae0,Dennis,Osinin,dosininky@google.cn,328-873-8178
e095627c-63e4-4b93-98aa-6340bc6f4554,Fionnula,Cornier,fcornierkz@bigcartel.com,163-497-3722
45835876-59a8-477c-916e-d5a96493549c,Hoebart,Cardnell,hcardnelll0@hp.com,657-920-3294
c20889f4-cdd4-4570-a42c-102a50ccd7bf,Aurilia,Kohn,akohnl1@washingtonpost.com,161-119-6594
56dd873d-033b-474c-9000-de8d5de8463a,Griff,Plet,gpletl2@fda.gov,487-480-6777
2eb21b8d-ae31-4b05-b29b-4e71f6e8c6cf,Arnoldo,Brignall,abrignalll3@amazon.de,230-912-9212
3e904112-b7ad-418f-b028-ea398d117fe7,Melantha,Sessuns,msessunsl4@salon.com,120-265-5493
08b81ebb-8637-4450-87dc-2000a948591d,Randee,Gregol,rgregoll5@joomla.org,193-673-3628
d547fa36-2442-4ecc-a863-e7f42091b9fc,Erek,Heskey,eheskeyl6@prlog.org,571-557-1801
f47d876d-3363-4025-9f7f-09fb3bb818ac,Parke,Norvill,pnorvilll7@dion.ne.jp,531-953-4692
8b79a0f9-08dc-4de4-9f4c-37744ad09c54,Derrek,Matschuk,dmatschukl8@comsenz.com,420-333-2575
66c678de-721d-410f-bc0b-bde01c8ce680,Tawsha,Rizzolo,trizzolol9@amazon.co.uk,104-747-2320
bc61403b-7b3d-437e-945b-53b98f500f3e,Kendall,Peotz,kpeotzla@opera.com,392-965-4069
63e2a17e-bc10-423e-87ab-064af599c951,Rosabel,Walls,rwallslb@mysql.com,968-926-1175
9ed26339-3133-42cb-b34b-3312b7425f07,Tibold,Tidey,ttideylc@flickr.com,736-263-8269
f0d0cb88-7923-42db-89ff-615f5b00d347,Luce,Moreland,lmorelandld@psu.edu,832-555-4224
23310ef0-4a4b-4078-aeee-aca773fe166c,Sutton,Scud,sscudle@zdnet.com,628-793-6151
f25f4e5a-cfa0-4eb4-bcbd-cdbf9fab5347,Delphinia,Charnley,dcharnleylf@phoca.cz,942-430-5037
610431e6-4cd1-4e66-b6c2-a1494ea5590c,Evangelia,Sutton,esuttonlg@mtv.com,585-195-9575
168487a1-9fda-4ebb-9423-8c08bf16b918,Torey,Lorent,tlorentlh@utexas.edu,960-531-5244
ceca7392-e904-4773-a2be-082165d40b4e,Bibbye,Yeulet,byeuletli@php.net,720-500-7607
225e4ff5-3b8a-4294-86d1-86fde53dd615,Sylas,Massingham,smassinghamlj@engadget.com,653-636-9730
f7793f41-925f-4638-898b-ad26c422df0a,Caye,Bringloe,cbringloelk@skyrock.com,309-349-9785
c8ab3015-dd08-4122-b590-102b0742fd9d,Blinni,Meneely,bmeneelyll@goo.gl,619-993-9729
17acef1a-3af9-4b9b-ae79-db380ad299ec,Thedrick,Robart,trobartlm@jalbum.net,123-560-6095
654fe8b1-8fda-4242-b5b1-8dd21b285daf,Paulina,Blazynski,pblazynskiln@spotify.com,996-662-2241
9edce45f-ddcf-494c-8851-e4d0a265b0d5,Glynnis,Gledstane,ggledstanelo@wikimedia.org,298-514-4623
83d2eb31-cffa-4c73-86ef-50256d835259,Rik,Gilbey,rgilbeylp@nasa.gov,915-110-3758
e26bb107-5b87-4c4a-a1f2-0b857e4c1350,Elena,Brastead,ebrasteadlq@squarespace.com,194-610-0192
c706f920-beba-4a9c-874e-df95deb0ed7e,Darelle,Dunnan,ddunnanlr@seesaa.net,796-936-6365
acaa2337-9939-4959-846d-92d86be776f3,Marie,Wareing,mwareingls@army.mil,616-152-0498
a95e115c-9a62-41c0-b555-69de0a3b6daf,Sydelle,Bertomier,sbertomierlt@photobucket.com,351-396-6210
6f163bcd-7a61-48d1-9182-29fe60c8d9ef,Stoddard,Wansbury,swansburylu@addtoany.com,145-449-9693
15b99cba-08c8-4804-8d4d-16ab344f8dbb,Mitchael,Kinder,mkinderlv@webnode.com,797-536-4342
52e5fc56-74b6-4f7e-abee-fb4fad85d238,Maren,Morgon,mmorgonlw@flavors.me,207-539-3465
0921ca9e-9bfe-4775-80a4-d6990afcd421,Rosemonde,Worts,rwortslx@fda.gov,757-225-1428
9cb2a21b-9a49-49dc-85d3-64cc374a9351,Casper,Djekic,cdjekicly@i2i.jp,447-947-5391
5469f0d2-a84c-4a04-929c-fc5a2b9dda79,Joane,Royans,jroyanslz@slashdot.org,286-417-7340
94c98398-b778-45b9-889e-5abb176032f4,Marylee,Pelchat,mpelchatm0@ucoz.ru,973-447-4280
ebe8b228-7a33-46f3-b51b-0098d0a50ac0,Britni,Freegard,bfreegardm1@sourceforge.net,373-619-5227
33c76353-d0a8-4b6c-8694-d93a4eeac82f,Costa,Haddacks,chaddacksm2@homestead.com,367-336-8970
6326b7ea-567c-4064-944e-29dc0961dd45,Humfrid,Nusche,hnuschem3@craigslist.org,534-164-2894
4dde2751-250f-42e8-aa71-d3278f0bc528,Gunter,Jaram,gjaramm4@marriott.com,613-380-3290
5226c4da-0730-4517-9829-bfa02e7365e0,Terry,Cranke,tcrankem5@yahoo.co.jp,552-224-9882
88a15cfd-9269-4ea4-bd8b-f5559d93b1cc,Franciskus,MacSkeaghan,fmacskeaghanm6@samsung.com,234-721-6405
989b8984-8fb7-4877-a609-ec48b793c2d5,Orelie,Kaes,okaesm7@ucoz.com,795-238-3771
a571ff93-b4cc-4507-b365-71955f0f64fc,Fernande,Blakely,fblakelym8@amazon.co.jp,759-179-0158
9feac909-4b23-4cd4-904a-2540d3e7dd10,Mikel,Mapis,mmapism9@blogspot.com,711-356-1476
27f346cb-ce24-497f-a522-35a6d5bb4b60,Diane-marie,Arnaut,darnautma@unblog.fr,522-788-6222
84a5f19a-4f83-4179-98b5-3aa4ffc05ec7,Vasilis,Gronauer,vgronauermb@uiuc.edu,122-821-3888
b848628c-656d-44fa-bde0-be69344a6575,Ursala,Stallon,ustallonmc@exblog.jp,695-716-6147
5d8dc4ce-04bf-4fc0-a6ac-ec3f6bf05030,May,Browning,mbrowningmd@pen.io,986-961-8101
746ff819-d75b-428c-8677-7b9b78464cf1,Toinette,Domenicone,tdomeniconeme@homestead.com,102-501-9105
d06e9a68-ea69-4517-9a76-cebdc4b6baac,Will,Neasham,wneashammf@addtoany.com,706-447-3017
421ab9a1-e2a1-4115-80d8-cec5ab766079,Ediva,Chrisp,echrispmg@tinypic.com,387-159-6198
580c9638-6b0e-4e13-9e0e-7ae9d406a785,Vick,Gilleson,vgillesonmh@ebay.co.uk,332-217-7587
b8af96e5-5fa0-421a-a27f-227f493cfacf,Laryssa,Friel,lfrielmi@cbc.ca,205-189-6961
a31c0528-3773-47ee-ab61-75d200db98c3,Thomasa,Coorington,tcooringtonmj@zimbio.com,431-179-4666
7011178b-befa-466e-8d2f-2fa6b4b213d8,Gregorius,Lamers,glamersmk@diigo.com,678-483-8718
f74232b5-0ca3-49b1-a08e-79bca66c0509,Jerrold,Koles,jkolesml@e-recht24.de,557-188-9663
cfe38aa4-bc32-4f83-bb4d-b70e870f5a62,Steffen,Lorkin,slorkinmm@example.com,859-542-8989
09540f9f-30d8-4aa3-9f44-e71c1abde403,Winnie,Barents,wbarentsmn@last.fm,796-355-2452
a24569f3-9708-46f4-b8c0-a302b30bcd97,Cosme,Nolleau,cnolleaumo@theatlantic.com,322-138-9725
2a7bc6f7-b06a-4695-9727-60860a477ed6,Haleigh,Currum,hcurrummp@amazon.co.uk,811-472-1437
dab6b9d9-4c97-48f7-b3e3-b92f93c7ae8d,Rhetta,Nayshe,rnayshemq@fda.gov,573-835-8255
96440e3f-37e2-4de9-845e-0502cdc8376d,Vere,Lamplough,vlamploughmr@hatena.ne.jp,569-842-9277
61788a5e-d0eb-4262-a258-ea33932adc96,Valerie,Playdon,vplaydonms@newsvine.com,602-178-3865
72371784-4c44-4e96-8c36-7473139cde25,Emmi,Grime,egrimemt@topsy.com,312-329-7372
e595b49a-20a7-48f2-8c14-eb2135d3c100,Karola,Dulwitch,kdulwitchmu@mediafire.com,999-869-7970
5fb6efb9-b63d-4b21-b98d-244f8a7a47c1,Bogart,Adamov,badamovmv@opensource.org,699-500-7536
30caa2ce-6a6e-4381-a265-1b484397a3da,Addie,Gadsden,agadsdenmw@sogou.com,475-637-8411
75c39c66-5d3e-41a5-8008-24e8fd1439b8,Jeanie,MacEveley,jmaceveleymx@princeton.edu,368-721-5271
37f2dd30-a88e-4c53-8d75-86e8458acd1a,Roseanna,Lelievre,rlelievremy@topsy.com,321-294-7481
d2b396a7-eebd-4d31-a6a9-9f9f763182bc,Karlik,McGurgan,kmcgurganmz@tamu.edu,426-576-4540
33e02dfc-1295-4c3a-9316-42459359b6fc,Caldwell,Brute,cbruten0@sitemeter.com,655-792-0059
1f9052e7-68d6-4d2a-bc9b-5ee565337df2,Lurette,Linke,llinken1@unblog.fr,202-906-2377
d6b43e9e-176c-476d-93c0-666825d58a09,Brad,Paeckmeyer,bpaeckmeyern2@eventbrite.com,131-905-4837
ca984b5e-ae51-4436-bada-687d296df8e3,Alexio,Colegrove,acolegroven3@microsoft.com,919-187-5541
f8a7c9d4-cb98-49e8-bfec-83f6ab4eb511,Meggi,Pitone,mpitonen4@house.gov,908-215-0762
d915e257-e613-4cc1-a4ce-cef3a164cd4c,Junette,Sprague,jspraguen5@infoseek.co.jp,136-867-5554
c450f9c4-fd32-43c7-be38-13f3ca7f8985,Dru,Hampshire,dhampshiren6@kickstarter.com,349-699-9040
d32bb078-2037-4054-b938-c7605e050ea2,Raymund,Gething,rgethingn7@scientificamerican.com,197-910-1953
50097a7f-9502-448d-8568-6df5278d882c,Natassia,Dust,ndustn8@hhs.gov,887-311-8870
5836b017-796a-419c-8f5a-a3c1c16be701,Jae,Goodger,jgoodgern9@wired.com,397-181-2464
bd04857e-5c03-42e0-a2f7-1282687e7d1c,Ninette,Feavearyear,nfeavearyearna@hubpages.com,367-937-3508
d9ef47dd-0065-4a87-b30b-b324db1a30a1,Carita,Lammert,clammertnb@elegantthemes.com,130-889-8078
6577a107-634a-484a-9472-b25f35cc51cb,Otha,Stelle,ostellenc@narod.ru,380-198-5589
329dc8eb-4dcc-4cd8-91cf-869f15926ac7,Ericha,Ordemann,eordemannnd@umn.edu,458-677-6714
e76ce44f-2f50-4fc4-9be5-45d23c00ba02,Valerie,Budding,vbuddingne@eventbrite.com,262-404-9792
4c2a74f4-a4e4-417f-82c4-dc177c12372f,Adams,Meriot,ameriotnf@epa.gov,884-214-0275
1370b816-46a0-4341-a32b-fb867a959820,Wilie,Tunny,wtunnyng@illinois.edu,826-305-1605
c0efc18a-9ad1-483c-b723-93bb0fd70ec6,Cross,Bovingdon,cbovingdonnh@w3.org,400-372-7735
53861f2e-6c15-42ee-af75-000162636baf,Cindra,Gleave,cgleaveni@artisteer.com,773-127-6199
2f96d800-35fc-4dc1-b0c4-d9e3dd77a339,Missie,Praundl,mpraundlnj@princeton.edu,631-356-6602
9b3040fa-95ed-4a7c-aced-e319f2e28dda,Elsy,Braxay,ebraxaynk@nationalgeographic.com,388-824-1396
14ae98c9-b454-425c-95d5-392e372fc58b,Talia,Spikins,tspikinsnl@spiegel.de,262-435-2626
a76cbe01-6c38-4891-a3c3-b1fb907b6893,Shurwood,Trodler,strodlernm@posterous.com,844-450-8613
20d6923e-1ae3-4332-8870-7e4b2be0616f,Ky,Drynan,kdrynannn@angelfire.com,539-435-6897
326cc62d-7a8e-4b64-86aa-b5123f9513a2,Robert,Dudlestone,rdudlestoneno@dagondesign.com,898-650-6366
b40b8868-2661-4b5a-b392-75412e9ac361,Gaile,Cheyney,gcheyneynp@freewebs.com,849-431-1921
bf25b3da-eb93-446b-b06d-a1fa61b35b57,Novelia,Mingotti,nmingottinq@youku.com,544-194-1703
47f90c17-c66e-42f2-a1bc-88fdf05a72e9,Ally,Brettle,abrettlenr@reverbnation.com,665-230-8149
1b2d7ffa-d978-4069-833a-7389cb4cf7ce,Marena,Twomey,mtwomeyns@unesco.org,633-471-7020
70d69936-71ff-4c0b-909a-17e6c6cbf8bc,Rudd,felip,rfelipnt@mtv.com,782-967-3131
d8549d6f-11cf-4d6a-b695-07eb285d926a,Shandie,Iskov,siskovnu@gov.uk,581-862-1233
8358f3ba-7c47-4587-9e40-c6982bc5dbc6,Adriana,Ironmonger,aironmongernv@livejournal.com,775-294-0925
5d3e79b2-fb7a-4251-88ed-eab498e16d4d,Haydon,Lapthorn,hlapthornnw@businesswire.com,123-265-8657
2cbe5b3b-2e0a-4a48-b198-b15458239ef7,Ronny,Brixham,rbrixhamnx@shop-pro.jp,403-343-4578
a2203e37-b037-46f0-baeb-47b7eb69f5b3,Pandora,Nolin,pnolinny@jimdo.com,214-787-4376
8841ff13-29be-45ed-b0c5-a827eeda795d,Brent,Iglesias,biglesiasnz@wisc.edu,304-148-9233
b06f9372-47c6-4171-ba8a-de59f445ceef,Michail,Liddall,mliddallo0@weather.com,785-134-1394
ab1cd84e-2baa-42d8-abf3-29d083f48ffd,Nyssa,Oluwatoyin,noluwatoyino1@domainmarket.com,401-853-0011
5d048b59-5816-4588-aef2-c3a71547721f,Margalo,Watkinson,mwatkinsono2@github.io,804-240-8112
eff69ce8-7eb7-457c-8f21-39f879238b51,Bari,Giacaponi,bgiacaponio3@blinklist.com,470-223-4194
f076af71-7618-4374-bdcf-f404d8fdfd34,Constantina,Grafom,cgrafomo4@baidu.com,172-714-6890
5ebfcb0b-9566-4821-8120-96420d600419,Zolly,Ullett,zulletto5@prlog.org,249-631-8462
a8311310-7e15-4a9a-8cd9-af856be71cf6,Dene,Danev,ddanevo6@tinypic.com,174-676-6696
63778265-255a-4fc4-b3e5-f57e6241a3be,Bucky,Dolohunty,bdolohuntyo7@diigo.com,549-931-6030
89852836-762a-434f-97c9-55256d102ea7,Margarita,Dewi,mdewio8@taobao.com,640-227-5547
22f7fc1a-6c20-4190-a140-e2629d748761,Abra,Van der Kruijs,avanderkruijso9@wikispaces.com,351-805-0044
4419b1c5-4db0-495d-b3ed-559d5b63db3e,Ruthie,Lynes,rlynesoa@jugem.jp,542-240-0233
749e5452-321b-4f20-b69a-7db9ca957d9f,Erik,Ever,eeverob@gnu.org,321-968-8820
d4539770-2675-4695-8d8c-4462cfabc5f0,Merry,Coleiro,mcoleirooc@amazon.co.jp,344-655-0842
475f58e6-2ea7-40eb-bbba-c78b3c009eda,Gayelord,Malt,gmaltod@live.com,969-358-0350
045a755c-81c8-4f33-8dbe-9b1b4ed5b699,Ana,Juckes,ajuckesoe@desdev.cn,658-906-8859
65ea0257-52d6-47b6-b01a-3f729d0d784e,Amabelle,L'Hommee,alhommeeof@ihg.com,228-992-9760
acf923c1-d7a0-4f23-9d21-92a3b4f21997,Lara,Seagrave,lseagraveog@senate.gov,512-294-2703
382579c6-a1fb-462f-a4e7-15d3a273c1b7,Taber,McKnish,tmcknishoh@sciencedaily.com,892-362-5458
5314e5b1-028a-4f67-8731-fc4af7b3df58,Lynn,Meeny,lmeenyoi@discuz.net,635-922-4153
0a237c5c-fa24-4fda-bd8e-d18532ce137c,Vally,Stolz,vstolzoj@wired.com,488-559-3767
d955414c-1294-49b1-a5fc-8f91958935cd,Katherina,Judson,kjudsonok@indiatimes.com,247-878-7341
7d1014e0-9429-4e32-82da-f2b70b17d44d,Swen,Souness,ssounessol@miitbeian.gov.cn,426-668-6992
bc193fff-0f65-492d-bcb9-e307b86db039,Verna,Danielis,vdanielisom@admin.ch,635-882-6229
bee2aec7-48de-49fd-acf1-340e8938d8e7,Tab,Fort,tforton@noaa.gov,860-303-0805
dba971db-256a-4c11-9057-99d0ccbc29a7,Maynard,Rains,mrainsoo@netscape.com,328-333-5247
f5682fc9-7dd2-4c3e-af43-f624cf0ae3a2,Dale,Stoneley,dstoneleyop@hatena.ne.jp,318-939-0552
66c43624-7884-4ed3-a8a4-6e0fc6d0714c,Darwin,Kenwyn,dkenwynoq@mit.edu,424-881-4529
ee25e1e0-b70d-4e36-a3ec-3951445e3316,Justinian,Prose,jproseor@cnn.com,555-926-2650
44081548-e11c-43b0-b31f-5b0e3e39353b,Else,Readie,ereadieos@live.com,152-222-9760
ce464aca-76e7-4f96-9fa7-b336e7b9fb9c,Emerson,Crank,ecrankot@nytimes.com,534-176-7704
324fc4d1-6162-482e-a754-121e80297e7e,Martita,McCaughey,mmccaugheyou@mtv.com,782-119-1941
edce068d-29dc-4079-b1c6-c474dbd3e3ea,Augie,Mobius,amobiusov@loc.gov,947-841-5911
0447c3c1-104c-45e9-b891-d71aaea97676,Ade,Bisco,abiscoow@newyorker.com,269-141-6362
4d68c1ad-1401-45dd-84b8-f1c2a714a1a5,Trumaine,Schultz,tschultzox@myspace.com,440-759-4420
2bf53696-534f-42f6-867a-0d3f93ecbe69,Dunstan,Calvie,dcalvieoy@list-manage.com,745-183-5733
1c58c136-b4e2-4117-a44c-1b1554d581ff,Angeli,Hewins,ahewinsoz@prlog.org,686-221-3028
4b252656-1ccb-40d6-9363-5b0a115d9694,Sumner,Chapple,schapplep0@huffingtonpost.com,631-940-8064
308cecfd-583a-4cdf-8c53-2b52e853559f,Melisse,Muttitt,mmuttittp1@tinypic.com,109-607-5724
61f178b7-ba65-465c-826e-091e059a2cb3,Dollie,Franciskiewicz,dfranciskiewiczp2@wordpress.org,568-756-3958
29ff93ca-8568-4a9e-ab3b-db880e2b8399,Ilsa,Sydenham,isydenhamp3@chicagotribune.com,164-369-9711
030438f0-1d72-451e-a6a6-a117ad06bcb5,Farly,Likly,fliklyp4@myspace.com,841-836-0390
4f94a21a-21b9-4041-be82-c2d224b902ed,Felicio,Omrod,fomrodp5@parallels.com,236-530-3449
78761638-8253-48e8-8991-5d33204c69ef,Cindra,Deyes,cdeyesp6@blogtalkradio.com,696-893-7749
ac62e2b6-bbd5-42bf-a2f2-f87444e53053,Zora,Spiers,zspiersp7@answers.com,255-740-8942
f5504f99-67f5-4911-a6a6-fa518f6d69a7,Demetria,Ecles,declesp8@businessweek.com,345-543-9044
dcd03a8d-c371-4333-ac86-e35213849780,Darlene,Streak,dstreakp9@elpais.com,121-317-0743
8f4a2a0a-c70a-4438-8066-2da24c1b4dd9,Brita,Willans,bwillanspa@rambler.ru,240-894-7155
cb7fe5b3-32a9-433c-95d4-29c7981777bf,Bethina,Town,btownpb@reddit.com,163-561-4910
97a3bc22-6c87-41df-a6d1-d06d5f2cb43f,Quintina,Esbrook,qesbrookpc@qq.com,331-573-6350
e8ca56ab-3ee3-402b-a840-d50b5ba07a10,Ruperto,Cushworth,rcushworthpd@tripadvisor.com,615-405-8928
4af148d6-5867-415e-87ba-12f20c6252a8,Shelley,Raun,sraunpe@oaic.gov.au,502-152-4034
66459856-6d0c-498f-a4ec-050722ab8252,Marlow,Bartolomeo,mbartolomeopf@issuu.com,722-139-4227
bace7c3c-3d4d-4b97-9fbb-fff4f7c80976,Dalli,Traynor,dtraynorpg@tinyurl.com,430-459-2222
d888a930-1e95-4e67-8440-f5c10d42afb6,Kathe,Calverd,kcalverdph@cam.ac.uk,987-550-2512
06d2d3c3-bfa7-48f4-ad31-1fa1243aa7da,Illa,Tasker,itaskerpi@joomla.org,639-963-5290
f791b105-08dc-4747-ae3e-bf8e54e8f416,Scot,Kertess,skertesspj@blogger.com,358-159-6073
3d015e48-4f23-4abc-97be-d6620d0a961c,Danica,Guice,dguicepk@go.com,474-136-6140
33a1606b-bbed-44e3-a731-9ea805972a6f,Lucretia,Earey,leareypl@ehow.com,435-719-4911
34b2d04a-52f7-4727-96bd-49b615a14e6b,Archibaldo,Yantsev,ayantsevpm@live.com,750-209-9989
d7f4796b-86b3-4640-8e75-b3dec45e8bbb,Ameline,Ellsom,aellsompn@mapy.cz,996-526-8705
514145d8-da6a-418f-bb40-b25c975842e3,Charin,Stubbins,cstubbinspo@cpanel.net,399-280-2275
4210af18-25af-4ea3-92d9-89382e9a268f,Maye,Blackley,mblackleypp@about.me,928-549-3201
68977620-324c-4975-b333-374e75174269,Bren,Puden,bpudenpq@chronoengine.com,458-788-2765
ec533b8a-fc9a-43b5-a3c9-505738788aef,Marlyn,Zorzin,mzorzinpr@bing.com,832-252-7302
69f3a950-303a-4074-a88a-9cd2a01a3d6d,Jenifer,Gullane,jgullaneps@ocn.ne.jp,305-446-6931
5f014b46-8bd2-42bc-b21e-96592a2bffd8,Terri,Records,trecordspt@msn.com,843-368-3841
cb24ee23-4c52-4708-9b82-09484d468cb7,Tina,Dunaway,tdunawaypu@dmoz.org,305-269-9742
f2d4dd14-6b9a-49a9-9d17-eabc6f1024f3,Richie,Kitlee,rkitleepv@mapy.cz,711-850-1834
6d6c6150-1a18-41b4-a35f-0f39e5c3dff2,Mil,Banting,mbantingpw@cbc.ca,675-865-6677
23beedd9-b5bc-4e48-a6d1-ccde952e2b0d,Ninette,Vowdon,nvowdonpx@sphinn.com,862-623-8041
6b0ac2fe-8553-40b5-a71a-347158c08d11,Terri,Gallagher,tgallagherpy@cbc.ca,458-268-1570
94456c82-4721-45b8-afc7-d1b2ca6391ac,Isabel,Van Driel,ivandrielpz@tiny.cc,250-507-2388
c36ac560-0388-4217-b7e1-4828db627d3f,Charline,Acock,cacockq0@mozilla.org,131-620-2449
b7bc9119-b729-4d51-b61c-9b0118fac9b0,Allix,Danilchenko,adanilchenkoq1@patch.com,588-240-1578
18a9b655-fbd2-479c-9457-c89615da115d,Armand,Gueny,aguenyq2@independent.co.uk,419-908-2271
9809022f-5a4e-4532-9cb1-15ecedcc06f0,Eben,Punton,epuntonq3@discuz.net,643-651-2490
67edf808-b862-4a2b-9d31-558e6162c0ee,Muhammad,Nye,mnyeq4@shutterfly.com,507-945-5724
f0811764-863b-47d2-bde5-3675c63284b2,Antonella,Gilberthorpe,agilberthorpeq5@networksolutions.com,987-389-8816
dfd9951c-27d8-4729-bc63-233e637405af,Gusella,Swyer-Sexey,gswyersexeyq6@ucoz.ru,139-724-7621
50d92a8e-3095-4dbb-8a6e-daae26c86f12,Prescott,Maxwell,pmaxwellq7@skype.com,735-363-1325
a994717c-f999-41d6-a100-428fd2e7a9dd,Vinson,Oleszcuk,voleszcukq8@mysql.com,254-499-0091
d7e9eeda-063a-4051-aca7-dae6bb186e7c,Shelden,Saulter,ssaulterq9@taobao.com,368-510-2048
121ca780-021f-4e91-95a1-589db8af18d3,Devan,Wilkennson,dwilkennsonqa@quantcast.com,726-310-5704
a94a4014-deb4-455a-9574-f9f760c52234,Justino,Fero,jferoqb@printfriendly.com,182-411-9773
2a3bee47-56df-4da8-a3a1-db163b0b4c2f,Meggy,Bray,mbrayqc@noaa.gov,724-906-3130
0a2c83bc-2939-4829-ae5c-c95b07bdaed0,Blayne,Grigorian,bgrigorianqd@wikipedia.org,618-961-8476
74b3b479-a48b-4b1e-8ac7-b2e538c7f1af,Inesita,Bloy,ibloyqe@usa.gov,152-703-4047
e7e231f9-a479-49b4-9b93-159ca1980d51,Augustine,Addekin,aaddekinqf@goodreads.com,196-209-0332
0f2f5193-f83b-4049-baf3-803c4e875d48,Hildagard,Bengough,hbengoughqg@usnews.com,584-664-2641
15166507-c59f-47f4-83e2-235b5e0bc747,Barr,Collopy,bcollopyqh@hc360.com,571-106-1538
4096c090-85c5-4cf0-9f4d-55cff70db8c9,Mario,Aleksankov,maleksankovqi@bloomberg.com,900-850-5334
76a4cb1f-e251-4aca-aeaf-0345edf953c9,Anny,Vanyakin,avanyakinqj@stanford.edu,929-325-6321
d6f22bd9-05ad-43c7-a0d7-0077bee7bcf9,Joye,Dongall,jdongallqk@booking.com,786-376-9776
ee001fd5-b875-4be6-8863-f4ff2e972d89,Zara,Beddis,zbeddisql@homestead.com,227-973-5254
0248ebd6-e0d6-465b-b41f-f64f99577847,Lynn,Barden,lbardenqm@va.gov,586-254-9928
ce4baceb-f816-42b5-8a52-08700330eb70,Annissa,Gorgen,agorgenqn@bigcartel.com,887-695-6583
e175790a-bdc0-4141-bd37-76529498d08d,Alan,Ord,aordqo@tinyurl.com,944-472-0145
f588e3e7-8e33-429b-993a-5f98e1d4e0c9,Orion,Yanne,oyanneqp@springer.com,161-816-2155
783732ad-3eb8-4867-b89a-1e32eca6bf12,Ruth,Hulles,rhullesqq@icio.us,783-273-3234
2bcac57b-157a-41b1-8486-153fce3849e2,Adina,Coote,acooteqr@ezinearticles.com,997-550-6946
00f7ccb8-1323-4ca8-9423-4295d6fecacc,Bren,Ohms,bohmsqs@netvibes.com,282-186-2104
0124b504-b5a9-46cc-934b-d9e409dd01d6,Matty,Hofer,mhoferqt@admin.ch,614-432-8789
e22fb3b2-57f3-40f8-8da7-c77fdd15188e,Lenard,Lokier,llokierqu@webnode.com,100-500-2411
f24fb5fe-882d-4b62-8aaf-53850e6f6b3c,Ardenia,Galpen,agalpenqv@columbia.edu,344-203-8752
eb1b0f18-0aeb-4b5f-bb64-f2c1941689a7,Kenn,Clingoe,kclingoeqw@businesswire.com,152-986-4793
d0c3461f-e734-4d85-a716-bf8e5d6cf33c,Dolly,Breazeall,dbreazeallqx@github.com,514-184-4611
d9e8c1d4-9d49-462b-a366-1f3c1438b6ea,Michale,Scotson,mscotsonqy@zimbio.com,146-253-0671
b5636c01-8999-47d1-8343-437b2ca15e53,Prisca,Vanezis,pvanezisqz@google.pl,404-407-4237
eac39cbd-4527-4e66-add7-e31387acfe27,Inge,Martinetto,imartinettor0@buzzfeed.com,499-518-2809
6784e9c3-7d15-4c76-b265-7279f22f395a,Tersina,Holt,tholtr1@jugem.jp,397-932-4735
a06da1df-ede4-40de-a35f-92f085dc3899,Freeland,Perigoe,fperigoer2@nhs.uk,198-167-0709
948a22bb-6cfe-4e29-b7e5-57df8a53f9bb,Van,Stronough,vstronoughr3@desdev.cn,840-801-9429
1dfd6f12-e2ae-4075-9573-c7fbf972ad2d,Celestyn,Mitchelmore,cmitchelmorer4@nbcnews.com,514-488-0675
a4b17208-a311-4c6a-8df3-554514b31e16,Barton,Garcia,bgarciar5@fastcompany.com,529-197-5289
d1602660-78e5-4f91-846d-330cfd6962a8,Heda,Swayton,hswaytonr6@ucsd.edu,592-647-9964
14ac62dc-4e07-4a50-a842-8c68b81832c1,Avrom,MacFadyen,amacfadyenr7@sogou.com,714-308-4932
881abd66-0273-478d-991a-4e42790845b2,Maurine,Bransden,mbransdenr8@phoca.cz,806-670-1954
0423f6c7-7e4b-4b52-9f93-f9e84923b00e,David,Verdey,dverdeyr9@ocn.ne.jp,259-392-8385
ce519a01-b6b8-4c69-bdd6-5c5210e2a16a,Livia,Dovydenas,ldovydenasra@so-net.ne.jp,394-286-9157
db1269f5-3581-4759-8213-4d9a165ea078,Lula,Reye,lreyerb@redcross.org,714-824-6653
e7a6bafe-61ea-4751-8a07-7fa5a6a5bd4f,Viki,Yakobovicz,vyakoboviczrc@webnode.com,917-841-1251
0380069e-0f23-4a30-a5cc-8dded390352b,Alfy,Gristock,agristockrd@reuters.com,200-426-0943
301dba92-967b-4edf-9017-b1d123d72202,Kakalina,Crepel,kcrepelre@chicagotribune.com,235-992-5906
106f251b-131e-4587-92a2-ba70d7863ca8,Keith,Comins,kcominsrf@macromedia.com,571-695-5899
e389bc9a-c2ee-4d27-addd-033799ef581b,Ddene,Brownjohn,dbrownjohnrg@springer.com,431-634-8440
60f2a294-75ab-4856-b10c-5c42f9f1a8a0,Olympe,Stain,ostainrh@jugem.jp,387-882-0169
505be94b-eb95-45c8-a0cf-207dc96553a1,Shari,Heatley,sheatleyri@studiopress.com,230-911-9936
25322147-e991-46fc-a818-488043bb7531,Dene,Mattsson,dmattssonrj@eventbrite.com,964-955-2434
dba1877e-e32f-435d-b85e-2b6f21518c27,Dalton,Stute,dstuterk@blog.com,378-788-2230
1297014d-226c-4bd0-80ef-e03b847cc98b,Della,Songust,dsongustrl@amazon.co.jp,644-893-8204
9edd490f-e134-4997-9ee3-c657906028e5,Reba,Hanne,rhannerm@behance.net,363-875-0901
b2cc7720-e29f-4e85-8a1b-184072dbdeb9,Marve,Kynston,mkynstonrn@alibaba.com,773-566-4594
7af63d30-1b1d-4155-8cf4-d7522e344b67,Lemmie,Habbon,lhabbonro@amazonaws.com,327-900-9332
23c831e1-f454-4e29-9114-227108eb02f7,Tani,Peppard,tpeppardrp@ask.com,341-777-7151
462702e0-7a06-47c0-8114-f64e79698a2d,Michael,Turn,mturnrq@xing.com,517-539-6965
bc88c557-e87a-45f1-b550-82e76d5631b4,Dwayne,Catling,dcatlingrr@economist.com,574-674-6243
